username,tweet,review
badgalmare,"""@CLUBEFOLLOWBACK @Jujubs_Gabs "" clube bolsonaro"" KJKKKKKKKKKKKKKKKKKKKKKKKKKKKKKKKKKKKKKKKKKKKKKKKKKKKKKKKKKKKKKKKKKKKKKKKKKKKKKK""",-1
VemMed2017,"""@RomneySilva1 @ValSilvestre11 @mdocarmog @alcebiadesbrito @maepatriota @JanainaDoBrasil Existe j√° um livro qdo Lula, inclusive em PDF gr√°tis no Google Play, ai vc vai em Livros""",0
deivis_sil,"""@Andrecosta1911 @BlogDoPim @lobaoeletrico O Bob√£oel√©trico n√£o disse apenas que n√£o vota em Bolsonaro, acusou e generalizou todos os eleitores do Bolsonaro de modo pejorativo. √â bem diferente. Mas t√° certo, ele estava para ir no Fausto, tinha que fazer uma m√©dia.""",0
jabaRevoltz,"""@Rosil04822756 @lobaoeletrico @yellowrafaella @doohnice @LindomarMaia @LeowitterPC @RedeGlobo Resumindo a m√≠dia esquerdista acaba de comprar Lob√£o, mais um influenci√°vel das REDES SOCIAIS que come√ßou meter a ripa no Bolsonaro s√≥ agora que ele se oficializou candidato kkkkkkk""",0
kethlemes,"""S√≥ n√£o vale ser machista, racista, xenof√≥bico discriminar qualquer minoria e/ou compactuar com qualquer ideia do Bolsonaro""",-1
laylacamilly,"""Lula ou Dilma? ‚Äî Dilma..üòÇ """,0
dudasmarques_tt,"""Jovens e adultos preocupados com o bolsonaro nas elei√ß√µes em setembro""",-1
PaixaoMatsuda,"""@vanessabg81 Vanessa, se eu fosse o Bolsonaro, pagaria pra ver. Desconfie, quando todos em sua volta sempre concordam com vc...""",0
AMello26,"""@ElvisRo04398534 @LourenzoAL @LulaOficial @RedeGlobo Levando em conta que sou humilde √© sou Bolsonaro üòÇüòÇüòÇüëâ""",1
aleessandrapr,"""GENTE S√âRIO, PQ OS BOLSOMINIONS ACHAM QUE S√ì EXISTE ESQUERDA OU DIREITA? TIPO, EU N√ÉO APOIO O BOLSONARO, LOGO SOU LULETE KKKKKKKKKKKKKKKKKKKK ACORDEM""",-1
mfreitas341,"""@joice_jsk @leandroruschel Preparem-se porque com o Bolsonaro vai ser a mesm√≠ssima coisa. Essa gente √© INSUPORT√ÅVEL""",-1
martirizou,"""Engra√ßado q a maioria q √© contra o Bolsonaro √© universit√°rio noiado, noiado e lgbt noiado.""",1
henrel,"""Cid e Ciro Gomes s√£o acusados de desviar R$ 300 milh√µes, diz revista """,-1
Armeteo,"""@Galdak Correcto. Toda la pinta de ser una √∫nica c√©lula aislada.""",0
esmaelmorais,"""Lindbergh, Bolsonaro e Chico Alencar embolados na disputa pelo Senado no Rio  """,1
Brifernands16,"""Como eu pude j√° ter apoiado o Bolsonaro, mdsssss! Devia estar com dem√™ncia...""",-1
beelzebulbasaur,"""@vitu_tv Lula livre.""",1
JooBarb87297032,"""@LulaOficial Lula presidente""",1
toni_nhoadv,"""@FernandoHoliday @MBLivre @mamaefalei @kimpkat @catracalivre Resumindo o Arthur deu uma pesco√ßada na m√£o do Ciro Gomes kkkkk""",-1
karinacrwalter,"""lula 1 """,1
MrWesleyMS,"""J√° pensou se o bolsonaro fala todas essas coisas pra conseguir voto mas na verdade √© uma pessoa completamente diferente?""",0
carlosgenio,"""Podemos mobilizar o Brasil  Cantando  os temas de campanha de Lula. e ter, o povo participando na mobiliza√ß√£o pr√≥ Lula livre!""",1
Ellen6967,"""O ""lado bom"" se o Bolsonaro for presidente do Brasil √© q eu vou poder ter uma arma pra fzr o bem, J√° imaginou q Maravilha #BolsonaroPresidente""",1
Guimuller89,"""Quem assistiu o roda viva ontem? Temos um novo presidente, qui√ß√° ainda no primeiro turno, Geraldo Alckmin. Com o supremo, com o centr√£o, com a m√≠dia, com tudo.""",1
phbem2018,"""@apyus Fico impressionado com a INSENSATEZ de certos formadores de opini√£o, supostamente democratas, capazes de endossar a candidatura de Bolsonaro. Quem admite a hip√≥tese de suic√≠dio no caso Herzog, n√£o merece ser nem VEREADOR! """,-1
avidabe19794847,"""cara eu NUNCA vi algu√©m ganhar uma discussao comigo s√©rio eu sou mt advogado lula me contrata""",0
djalmadias130,"""Essa mulher Joyce Hasselmann se tornou r√© da justi√ßa do Paran√° por ofender as mulheres, chamando de cadelas, essa mulher que foi demitida da Veja, Jovem Pan, apoiou D√≥ria e agora tem Bolsonaro como mito, tudo isto para conseguir uma vaga na C√¢mara federal, ela √© uma hip√≥crita. """,1
danizindanizin,"""Meu tio √© fanboy do Lula""",0
Vasconceloa,"""@alefrotabrasil parab√©ns pelo filho......estou aqui na luta a favor do Bolsonaro.""",0
DeniseR78327965,"""‚ö°Ô∏è ‚ÄúAto pela liberta√ß√£o de Lula re√∫ne artistas no Rio de Janeiro‚Äù O povo quer mudan√ßa! a hora da mudan√ßa...democracia e justi√ßa de verdade , √© Lula livre!, , """,1
JenioQuadros,"""16h - Jos√© M√°rcio Camargo, representando o MDB, 17h - Daniel Cara, representando o PSOL , 18h - Ciro Gomes, candidato pelo PDT , , Veja o que seu candidato e o partido dele pensam sobre ci√™ncia no Brasil , #ConhecerElei√ß√µes2018""",0
Geraldo58625589,"""@Osolubac @cissa_leite @edmilsonpapo10 As Discuss√µes Pol√≠tica no Brasil, √© d Faz d Conta,todos tem o Rabo Preso,fingem q se Agridem e q s√£o Inimigos,no estouro d Mensal√£o Ptista,o FHC e o PSDB,inteferiram para livrar o Lula,a ORCRIM Pol√≠tica agem nos Bastidores,Usam a milit√¢ncia incauta para defender seus interesses.""",-1
Smith_Hays,"""@GiganteAdamast2 @VEJA Inclusive por isso lutam tanto contra o Bolsonaro. Sem o dinheiro do governo, as m√≠dias ter√£o que se reinventar ou v√£o sumir.""",1
tijolaco,"""Cantanh√™de joga a toalha. √â ""algu√©m"" contra o nome de Lula, no 2¬∞ turno -  """,1
LindaTannus,"""@diogomainardi A cela do lula at√© parece o programa do Faust√£o!!! Tudo que √© merda , est√° l√° ????virou a casa üè† da luz vermelha?????Um puteiro de primeira????""",-1
ciancaglini_15,"""@JanainaDoBrasil Concordo.  Vamos unir for√ßas! Amoedo junto a Bolsonaro. Dupla imbat√≠vel !""",1
paulopinho2006,"""Luiz Fux, que sempre votou a favor de A√©cio no STF, prepara golpe contra candidatura de Lula """,0
NonatoBarrosJun,"""Globonews coloca em marcha a farsa eleitoral de 2018, com entrevistas que excluem Lula‚Ä§ Por Joaquim de Carvalho  via @iG""",0
XandeShalom,"""Gostei de um v√≠deo @YouTube  IMPOSS√çVEL ACONTECEU! REDE GLOBO DIVULGA JAIR BOLSONARO PARA O PA√çS TODO""",0
Gabrieljrmorais,"""@HaroldoBezerra Na √©poca do Lula, eu n√£o votava!, Mas meu pai votou nele, no primeiro mandato, para NUNCA MAIS votar nessa corja que s√≥ enganou o povo com tantas roubalheiras que v√£o do mensal√£o ao petrol√£o!""",-1
pinheiro_zeni,"""@JanainaDoBrasil √Å VC N√ÉO FA√áO RESTRI√á√ïES, MAS BOLSONARO TEM UMAS ID√âIAS QUE ACHO MUITO NEFASTAS..EMBORA CONCORDE COM ALGUMAS...""",-1
Geraldo58625589,"""@GauchoDeDireita @PastorLiomar As Discuss√µes Pol√≠tica no Brasil, √© d Faz d Conta,todos tem o Rabo Preso,fingem q se Agridem e q s√£o Inimigos,no estouro d Mensal√£o Ptista,o FHC/PSDB,Agiram para livrar o Lula,a ORCRIM Pol√≠tica agem nos Bastidores,Usam a milit√¢ncia como Gado incauta para defender seus interesses.""",-1
Twig62690523,""" #fernandohaddad""",0
Geraldo58625589,"""@SPD_33 @STF_oficial @TheGodFather_75 @Gus_Moreira @aruthcao @JoelAlexandreM @uli_cassilva @Clauwild1 @0_marcia @BecaBrix @Mark_Senkd @BrunoSilvagp As Discuss√µes Pol√≠tica no Brasil, √© d Faz d Conta,todos tem o Rabo Preso,fingem q se Agridem e q s√£o Inimigos,no estouro d Mensal√£o Ptista,o FHC/PSDB,Agiram para livrar o Lula,a ORCRIM Pol√≠tica agem nos Bastidores,Usam a milit√¢ncia como Gado incauta para defender seus interesses.""",-1
javier_achurra,"""@jorgeerrazuriz @mbachelet Solo se est√° mostrando como realmente es. Una gran populista. A la altura d CFK y Lula""",-1
RinaldoZaca,"""@jairbolsonaro Se n√£o for Bolsonaro em 2018 ent√£o seja interven√ß√£o militar j√°""",-1
rsgomes1971,"""Algu√©m viu a pol√≠cia por a√≠????, , Via @estadao: No Rio, Jair Bolsonaro volta a aparecer com crian√ßa fazendo sinal de arma -  """,-1
F_Cecconello,"""Tem ‚Äúpropina at√© no STF‚Äù, diz jingle distribu√≠do por Jair Bolsonaro """,-1
ricardo_hage,"""Hino que nos faz amar ainda mais nosso Brasil e nosso Lula.""",1
daviocs,"""@MauMeirelles Exatamente, o Facebook da Globo todo santo dia tem uma reportagem falando de Bolsonaro (querendo denegrir a imagem dele, l√≥gico), mas daqui a pouco sei at√© o que ele almo√ßou.""",0
Garbace,"""Quando Marina Silva promete propor plebiscito sobre legaliza√ß√£o do aborto e libera√ß√£o da maconha ela est√° fazendo como P√¥ncio Pilatos, lavando as m√£os.""",-1
gojammaj,"""Ganha for√ßa no PT a estrat√©gia Lula ou nada """,0
unsdasilva,"""A casa est√° desabando!...a cada dia aparecem mais juristas que estudaram os processos contra LULA e julgados por MORO!...e classificam como ""Lixo Jur√≠dico"" """,0
NUTROMBONE,"""A imundice no MEC vai acabar. Bolsonaro vem ai !!! üáßüá∑üí™üòé """,1
bielgabriel1234,"""Adicionei um v√≠deo a uma playlist @YouTube  por que Bolsonaro vai ganhar j√° no 1¬∫ turno""",1
tomazevomel,"""Claro acabou a mamata dos petralhas. """,-1
davidvix50,"""@lilianigromaia O Bolsonaro estar√° como um filhote de b√∫falo no meio de le√µes, n√£o tem nenhum jornalista ou entrevistador com pensamento de ""direita"" ou contr√°rio ao projeto conjunto ""Lula/Dilma/Temer"". Entregue aos le√µes!!!!!""",-1
postsingular_,"""tenho que rir com esses comentaristas pol√≠ticos da @radiojovempan de mimimi, patinhos porque o lula lidera as pesquisas mesmo de dentro da cadeia... como diria algu√©m, ""√© dif√≠cil ser voc√™, candidato solto...""""",0
souguereira,"""@BrecaBores @LulaOficial Vi a entrevista na sa√≠da da PF. A monja Coen visitou Lula ainda a pouco.  #LulaAmor ‚ù§‚ù§""",1
DRosarts,"""#BolsonaronoRodaViva  A rede social do Brasil est√° com Bolsonaro! """,1
Guganomaroli,"""@LulaOficial @monjacoen Essa pris√£o ta sendo boa demais! Ta civilizando os petistas, at√© √°rvore o pessoal do MST ta plantando! Sensacional!! Deixa esse Lula preso pra sempre. #paz""",-1
gazzinelliq,""" #festivallulalivrelula #lulalivre #LULA""",1
MaraDeMagalhes1,"""@OCorvo_ Bolsonaro vai ter que enfrentar esse tipo de contradit√≥rio! Acredito ser uma grande oportunidade dele mostrar ao Brasil quais s√£o seus planos pro nosso futuro! Apenas espero respeito ao direito de responder ""perguntas""...""",1
Salgadim_,"""@VEJA Lula lidera na inten√ß√£o de votos?.. onde???... S√≥ se for na cadeia!!!, VCS ACHAM QUE ENGANAM ALGUEM COM ESSAS MAT√âRIAS E ESSAS PESQUISAS DE PORTA DE CADEIA?!?!, #vejalixo""",-1
Fabi_Moller_,"""Hoje √© dia de Bolsonaro no Roda Viva precisamos chegar nos assuntos mais comentados, quem est√° comigo, d√° RT! , #BolsonaroNoRodaViva """,0
EdenGurgel,"""@chico_pinheiro Se votam em Bolsonaro.. j√° est√° respondido""",0
