tweet_id,tweet_username,tweet_text,id
1024037488946495488,OJARDELITO,"""Lembro √† todos que hoje (30), o candidato √† Presid√™ncia JAIR BOLSONARO (PSL-RJ) ser√° o entrevistado do Roda Viva. Uma EXCELENTE oportunidade para apreciarmos seu despreparo, dificuldade na formula√ß√£o de frases e cogni√ß√£o. √ìtima ocasi√£o de dar boas RISADAS! #BolsonaroNoRodaViva ü§°""",
1024037493002395649,guimaraes1_ar,"""@lorennalvs @Dejonsenn @JanainaDoBrasil Por isso:, , , Faz sentido o Bolsonaro se aliar a um partido que tem esse tipo de coisa como pauta?""",
1024037497830031360,martasposito,"""@MBLivre @geraldoalckmin Agora √© Bolsonaro @MBLivre !üôåüèª""",
1024037508747878401,eugautran,"""Embaixador brasileiro nos EUA d√° vexame e defende pris√£o pol√≠tica de Lula  via @brasil247""",
1024037525869002753,myrianconor,"""Haddad e Boulos s√£o recebidos com ‚Äòol√™, ol√™, ol√°, Lula, Lula‚Äô em Paraty """,
1024037546966302720,ppretoni,"""@GulagCanavieiro Lula Ladr√£orouboumeucora√ß√£o""",
1024037548501487616,Liechoscki,"""T√° dif√≠cil de reunir meia d√∫zia de jegues pra zurrar. S√≥ zurrar!, N√£o era essa gente que ia incendiar o pa√≠s?!? ü§îü§î, Acorda, ""militan√ßa"" !, üòÇüòÇüòÇüòùüëéüëé, """,
1024037549587791872,br45ilnocorrupt,"""@Natanae95555532 Tuita√ßo AGORA #BolsonaroNoRodaViva √â melhor @RodaViva Jair se acostumando Bolsonaro Presidente na @TVCultura com Cultura Digital Personalize seu perfil em apoio a @jairbolsonaro PSL 17  Siga @BolsonaroSP @FlavioBolsonaro @CarlosBolsonaro @Oficialluizlima RT""",
1024037563194064897,WDietzold,"""Globo anuncia que vai checar fake news, justo ela que ajudou a transformar um boato em processo que levou Lula √† pris√£o. Por Joaquim de Carvalho , V√£o fechar de vez ent√£o????""",
1024037567770120193,srmottaa,"""Hoje tem Roda Viva com o Bolsonaro?""",
1024037569221279745,farias_ronaldo,"""Embaixador brasileiro nos EUA d√° vexame e defende pris√£o pol√≠tica de Lula  via @brasil247""",
1024037569410072577,grokiw,"""@patativaparana Acho que a milit√¢ncia precisa assistir esse v√≠deo da sa√≠da dos senadores do PMDB da visita a Lula para entender o que est√° acontecendo. Aten√ß√£o especial √† fala do Renan Calheiros. #LulaLivre """,
1024037570605400065,Paixao_Ramon,"""#OBrasilFelizDeNovo #MaisCandidatoQueNunca #EuSouLula #LulaLivre#r, PT artigo - Gleisi Hoffmann: ‚ÄúO PT vai seguir com Lula e com o povo‚Äù , , ‚ÄúVamos registrar a candidatura, conforme a lei, que nos garante o direito... """,
1024037571721084929,TiaoFerreiraF,"""@augustosnunes Os com√≠cios do Lula ser√£o feitos em rede fechada, dependendo da grade de transmiss√£o. Para os cegos a transmiss√£o ser√° em HD, para o resto do pa√≠s nem colocando bombril na antena a imagem melhora.""",
1024037573885353984,ajudanilo1,"""Meta de Relacionamento:, Eu e o Moz√£o, pizza, picoca, 22h15 Roda Viva. A gente racha de rir do Bolsonaro, se beija e se transa.""",
1024037577626722305,maysamarina10,"""Minist√©rio da Sa√∫de lan√ßa Campanha de Aleitamento Materno - , ., #pt #lula #brasil #lulalivre #brumar #ney #Eleicoes2018""",
1024037577706430464,007thiago_,"""@MBLivre @geraldoalckmin Mas n√£o vai sobrar pedra sobre pedra. Desse jeito eles vao acabar votando no poste de lula. Tudo para n√£o eleger Bolsonaro.kkkk essa 'direita'....""",
1024037582554972161,capiauwarrior,"""@joaoamoedonovo Entendido o recado., Considerando a realidade atual dos presidenci√°veis o sr n√£o tem chances de chegar √† um poss√≠vel segundo turno. , Supondo que o pleito se decidir√° entre Bolsonaro e ""qualquer outro"", em quem o sr votar√° ?, A resposta dir√° muito sobre o sr, j√° q ningu√©m o conhece.""",
1024037586304737281,inFranken,"""Wer sucht noch einen Job? üòç üç´ (lula) """,
1024037590960353282,netojorge_,"""Vale lembrar, que no showmicio que o Lula e o PT promoveram no Rio no fim de semana receberam avalia√ß√£o do TSE e n√£o constataram viola√ß√£o as regras de campanha, tr√°gico, , #3em1""",
1024037594919784449,juiz_nu,"""@LulaOficial @monjacoen Coxinhas queriam que Lula tivesse atitudes de √≥dio para que ele pudessem ir para o confronto. Mas Lula s√≥ tem atitudes de paz e amor ao pr√≥ximo, desmontando o plano dos coxinhas.""",
1024037611072118784,MarcosBretas1,"""Desolado, unfollow bolsonaro n√£o √© poss√≠vel""",
1024037616163926016,Mariproenca84,"""üìçPraia do Lula, Paraty, Rio de Janeiro üáßüá∑, ‚†Ä‚†Ä‚†Ä‚†Ä, üí¨Nessa √©poca eu nem praticava yoga, mas j√° tinha muita vontade de fazer pois sabia que era bom para controlar a ansiedade. Anos depois que‚Ä¶ """,
1024037617367691264,VitorMRigotti,"""Drinking Game no Roda Viva do Bolsonaro hj???""",
1024037622107267072,grokiw,"""@DilmaResiste @pahega @MariluParreiras @MalcomEcks @malungorei @JeanSena @Leonek_ @Lelecoutz @patativaparana @rosalilialf @Adrianasscamar1 @alexandrecct @sandraselmader @souguereira @danpac2006 @kepler_johann @LeCommunard @MCCdoBrasil @StellaMendonca @hamenteslivres Acho que a milit√¢ncia precisa assistir esse v√≠deo da sa√≠da dos senadores do PMDB da visita a Lula para entender o que est√° acontecendo. Aten√ß√£o especial √† fala do Renan Calheiros. #LulaLivre """,
1024037623202017282,aindatespero,"""Not√≠cia sobre pesquisa que mostra Bolsonaro l√≠der em todos os estados √© falsa - """,
1024037641489137670,everhazz,"""@thaisatenorio Eu acho o Bolsonaro um embuste, mas infelizmente cabe a sua prima mudar esse conceito, quem sabe n√©, mas se n√£o, o jeito √© respeitar, mas n√£o vale a pena discutir por politico, mas entende, √© algo decepcionante.""",
1024037641430421512,MidiaNINJA,"""At√© as m√≠dias internacionais sabem!, ""Machista, homof√≥bico e racista"" - Para o Tribune de Geneve, jornal franc√™s, Bolsonaro √© ""Trump Brasileiro."" """,
1024037644140011521,Edu2011_30,"""QNDO FOR VALER A LEI PRA TODO MUNDO(MENOS LULA NEHü§î)AI ELA CONTRA üëèüëèüëèGOLPISTA!!! """,
1024037648850214919,byTerraNews,"""Saiba como assistir Jair Bolsonaro no Roda Viva hoje √† noite, pela internet ou televis√£o, , , #RodaViva , #jairmitandonorodaviva""",
1024037666550104064,IuriGabriel,"""@FelipeDello √â realmente um mist√©rio, como pode a galera achar que o Lula nao vai ser candidato sabe. A situa√ß√£o dele √© tao simples e f√°cil po""",
1024037666835312640,br45ilnocorrupt,"""Tuita√ßo AGORA #BolsonaroNoRodaViva √â melhor @RodaViva Jair se acostumando Bolsonaro Presidente na @TVCultura com Cultura Digital Personalize seu perfil em apoio a @jairbolsonaro PSL 17  Siga @BolsonaroSP @FlavioBolsonaro @CarlosBolsonaro @Oficialluizlima RT """,
1024037670744416257,EuSouMBC,"""Fiquem atentos, ser√° hoje a noite no programa Roda Viva. Vamos mobilizar todos os grupos do MBC para contribuir e subir a #BolsonaroNoRodaViva! , , √â como disse Olavo de Carvalho: ""Unidade da direita"" √© apoiar o Jair Bolsonaro. O resto √© carreirismo porco. """,
1024037673001013248,Laudemiro2011,"""@claudioedantas N√£o se enganem se a Dilma tivesse conseguido colocar o Lula como ministro da Casa c√≠vil Lula estaria blindado pelo foro privilegiado e aposto todas as minhas fichas que Lula sendo candidato este cidad√£o do Novo estaria ao lado dele !""",
1024037680202493952,marcoscaleb,"""Retweeted MariJurema Lula da Silva (@Mari_Jurema):, , Olha quem paga, e caro, pelas peraltices fascisto√≠des do MBL!, , Continua√ß√£o , , Pedro Thompson (Est√°cio);, , Ronaldo Pereira J√∫nior  (√ìticas Carol);, , Sebasti√£o... """,
1024037680772993029,nomedeusuarix,"""@GABRELPlNHElRO cada um escreve o q quer em qqr lugar, dando a vers√£o q conv√©m. Nem sempre o retrato sai cm a pessoa √©, e sim cm quem est√° retratando o v√™. Vide cm as descri√ß√µes do car√°ter e personalidade do Bolsonaro, por exemplo, variam absurdamente de acordo com a cabe√ßa de quem o descreve.""",
1024037683176370176,DeDireitaBr,"""Pessoal, a visibilidade do Bolsonaro hoje no Roda Viva estar√° em alta, vamos evitar discuss√µes com pessoas que j√° tem um pr√©-conceito formado e focar em criar tweets √∫teis para quem ainda est√° indecisos., N√£o respondam ataques, apenas bloqueiam a pessoa, #BolsonaroNoRodaViva """,
1024037685931978752,esfericidade,"""Flip tem distribui√ß√£o de m√°scaras de Lula e ato em favor do ex-presidente """,
1024037685852348416,maysamarina10,"""Doria usou prefeitura para divulgar parceria nunca firmada com amigo - , ., #pt #lula #brasil #lulalivre #brumar #ney #Eleicoes2018""",
1024037699018219520,iagoIV,"""S√≥ espero uma coisa do Bolsonaro hoje no Roda Viva, que ele fale na frente dos jornas que vai cortar a verba estatal que chega nas reda√ß√µes, s√≥ isso j√° me deixaria feliz""",
1024037701929103362,ferrlorenzon,"""@Diego_arcano @alerodrigues247 se vira. o google funciona tanto pro alckmin quanto pro Bolsonaro. v√° conhecer seu candidato tanto quanto conhece o alckmin.""",
1024037703304732673,Doug194Doug,"""@JornalOGlobo vixe, tanta fake pior para voc√™s combaterem e v√£o logo com bolsonaro? Sabia que ia ser fake o @JornalOGlobo combater fake news.""",
1024037703019622401,urbsmagna,"""BOLSONARO, NO RODA VIVA, SER√Å DETONADO ABRINDO CAMINHO PARA ALCKMIN, DIZ¬†BLOG  """,
1024037709931859968,JB_Capetini,"""Havaianas acaba de lan√ßar um novo modelo para aqueles que insistem que o Lula √© inocente!!! Kkk """,
1024037713014673408,notideamerica,"""Partido de los Trabajadores reafirma que Lula es su candidato para presidir Brasil """,
1024037713362776064,pinhead_lives,"""@Ricamconsult Mas quando √© o Bolsonaro que denuncia isso todos ficam de cabelos em p√© e dizem que ele vai acabar com o benef√≠cio.""",
1024037723483656195,calmaprincesa,"""√â quando a fam√≠lia t√° reunida que a gente ouve os absurdos n√©?, Minha av√≥ t√° falando que uma das irm√£s do meu pai tava defendendo o Lula e culpando o Temer (sobre a atual situa√ß√£o do pa√≠s)""",
1024037722971951104,br45ilnocorrupt,"""@adelsoncastro3 @bernardopkuster @jairbolsonaro @FMouraBrasil @BlogDoPim @FlavioBolsonaro @augustosnunes @BolsonaroSP @PSL_Nacional Tuita√ßo AGORA #BolsonaroNoRodaViva √â melhor @RodaViva Jair se acostumando Bolsonaro Presidente na @TVCultura com Cultura Digital Personalize seu perfil em apoio a @jairbolsonaro PSL 17  Siga @BolsonaroSP @FlavioBolsonaro @CarlosBolsonaro @Oficialluizlima RT""",
1024037733038280704,capitullina,"""Hoje √†s 22h vai ter entrevista com o Bolsonaro no Roda Viva. Momento esse pra questionar n√£o t√£o somente o discurso de √≥dio do candidato mas tamb√©m todo escopo das propostas que ele traz para o pa√≠s, que por sinal, nos √∫ltimos 30 anos tem se mostrado nulas ou megaloman√≠acas.""",
1024037735714246662,postsingular_,"""tenho que rir com esses comentaristas pol√≠ticos da @radiojovempan pan de mimimi, patinhos porque o lula lidera as pesquisas mesmo de dentro da cadeia... como diria algu√©m, ""√© dif√≠cil ser voc√™, candidato solto...""""",
1024037738461454336,branco_del,"""a monja Coen e a visita ao Lula. ‚ù§Ô∏è""",
1024037741963751425,MAYCOABREU1,"""@cjcoradini √â assim que o Bolsonaro faz, foi assim que ele se tornou conhecido. Com esse pessoal vc desmascara e depois responde o que quiser e da forma que quiser.""",
1024037745646346240,98c7dc77471449b,"""@VomMisseis @rosangela_bolze @rebeldescalca UMA PERGUNTA QUE N√ÉO QUER CALAR COMO FICAR√ÉO AS FAZENDAS DE LULA BILION√ÅRIO E OS LULINHAS MILION√ÅRIOS????""",
1024037747579908096,dB_notitia_rei,"""BOLSONARO, NO RODA VIVA, SER√Å DETONADO ABRINDO CAMINHO PARA ALCKMIN, DIZ¬†BLOG  """,
1024037748804603915,JosMour27954257,"""@Danielly_Jesus Esse pessoal da esquerda enrustida esta puto pq esse ano a elei√ß√£o tem um cadidato fora do esquema LULA/FHC.""",
1024037749790334976,pedrinhu_tecix,"""A Vera querendo punir o Bolsonaro por que n√≥s usamos a #Bolsonaro2018, , A√≠ √© foda, , Vou usar uma # a favor do Alckmin s√≥ pra ferrar ele""",
1024037751702908928,JLazdenas,"""#BolsonaroRodaViva , , Minha esperan√ßa √© o Bolsonaro sendo presidente e organizar o Brasil de norte a sul """,
1024037753787490306,HyagoSaraiva,"""se Bolsonaro confundiu um jornal su√≠√ßo com o le monde da fran√ßa, imagina no roda viva hoje, kkk""",
1024037754727030785,dB_id,"""BOLSONARO, NO RODA VIVA, SER√Å DETONADO ABRINDO CAMINHO PARA ALCKMIN, DIZ¬†BLOG  """,
1024037761257533440,Amel43,"""Uma coisa √© Bolsonaro ter 5 milh√µes de seguidores e sua conta ser administrada por assessores sem qualifica√ß√£o, que n√£o conhecem a pol√≠tica.""",
1024037761764995077,RodrigoCSFPinho,"""@Wedson_Melo @demori O candidato que √© mais ""do mesmo"" do cen√°rio atual √© o Jair. Sao 3 D√âCADAS de projetos falidos e omiss√£o pol√≠tica no estado que mais sofre com viol√™ncia na nossa Federa√ß√£o. Voto em Bolsonaro √© voto pra manter tudo como est√°. Tres d√©cadas, man√©.""",
1024037766403944448,Lahlithflores,"""#3em1 seja mais gentil com seu ouvinte Vera Magalh√£es, outdoor do Bolsonaro quem paga √© apoiador, o Brasil est√° coalhado desse material e a Internet est√° coalhada de vakinhas para angariar fundos pra isso, n√£o deixe nas entrelinhas sua perniciosa compara√ß√£o com Lula""",
1024037769759404034,Jv_SandimXd,"""@aIexana Eu gosto do Ministro que t√° com ele, mas o Bolsonaro se expressa muito mal, n√£o d√° pra entender qual seu real objetivo na Economia Brasileira, mesmo tendo um puta ministro eu como estudante de Economia n√£o posso falar que ele pode resolver os problemas socio-economicos do Brasil""",
1024037770115866630,grokiw,"""@DilmaResiste @pahega @MariluParreiras @Marlene_Senna @diraholanda @sonia_divinaa @Lelecoutz @LeCommunard @Leila_Argollo @ElaineG16 @Seoade @Adrianasscamar1 @alexandrecct @sandraselmader @souguereira @MalcomEcks @hamenteslivres @MCCdoBrasil @fcomontec @Hendrix_Careta Acho que a milit√¢ncia precisa assistir esse v√≠deo da sa√≠da dos senadores do PMDB da visita a Lula para entender o que est√° acontecendo. Aten√ß√£o especial √† fala do Renan Calheiros. #LulaLivre """,
1024037780836569089,maysamarina10,"""Garotinho √© condenado a perda de direitos pol√≠ticos por oito anos - , ., #pt #lula #brasil #lulalivre #brumar #ney #Eleicoes2018""",
1024037789162266624,krygstalss,"""espero que o programa do bolsonaro acabe antes de eu chegar pq se n√£o vou ter que voltar sozinha e apezao""",
1024037790969937926,yupasian,"""Fiquei chocado hj q a pessoa publicou q o pa√≠s √© c√¥mico, pq agora quer q o candidato saiba economia, mas votava no Lula., , Gente, s√≥ eu achei no m√≠nimo contradit√≥rio e sem no√ß√£o? Pq ainda bem q as pessoas est√£o cobrando algo dos candidatos., Senhor.""",
1024037793964740608,ThaisFlorencioM,"""Ainda tenho que ficar ouvindo o cara falando o quanto o Bolsonaro √© ""bom"" meudeus amado me tira daqui""",
1024037811580792834,GrionJR,"""@teresinhalopes Quando a midia e os que fazem oposi√ß√£o ao Bolsonaro entenderem isso ele j√° estr√° sentado na cadeira da presid√™ncia no primeiro turno.""",
1024037817687715842,FelipeM58453009,"""@GABRELPlNHElRO atende oi bolsonaro #BolsonaroNoRodaViva""",
1024037822418825224,liaguiarc,"""#eleicoes2018 #mulheres #feminismo #feminista #machismo #machistas #pt #psol #politica #lulalivre #bolsonaro """,
1024037832871084038,ieda_mara,"""@conexaopolitica @jonaswall A Vice do Bolsonaro, √© de tamanho peso,  que o AFUNDAR√Å de vez.""",
1024037833835720704,Brasangola_,"""Embaixador brasileiro nos EUA d√° vexame e defende pris√£o pol√≠tica de Lula  via @brasil247""",
1024037850633981952,pilarm27000,"""@ZinatoZina @DrDanielSales @_miguelteixeira @Dr___Evil @Suziane___ @jairbolsonaro Bozo faz campanha mentirosa e perigosa ( quem viu Collor em 90) sabe a desgra√ßa que foi. Por isso n√≥s debatemos, conversamos, enfim o Brasil precisa evoluir e N√ÉO retroceder. Lula e Bozo √© puro retrocesso. O Brasil precisa de Emprego: trabalho e renda! üôá""",
1024037867746668544,SeguirCampeoes,"""#RodaViva  , ,  #S√≥OsSelecionados  , ,  #BrazilWantsLoveYourselfTour""",
1024037870301007873,davidvix50,"""@lilianigromaia O Bolsonaro estar√° como um filhote de b√∫falo no meio de le√µes, n√£o tem nenhum jornalista ou entrevistador com pensamento de ""direita"" ou contr√°rio ao projeto conjunto ""Lula/Dilma/Temer"". Entregue aos le√µes!!!!!""",
1024037877062270977,VANTU1R,"""@chaidaniel18 @UOLNoticias meu caro, pensa aqui comigo, as orienta√ß√µes morais que ela transmite, valem pra gente mas n√£o valem pro lula... o nome disso √© hipocrisia""",
1024037881881538560,eddiedipiero,"""#BolsonaroRodaViva, Pra cima deles Bolsonaro!""",
1024037886218448896,br45ilnocorrupt,"""Tuita√ßo AGORA #BolsonaroNoRodaViva √â melhor @RodaViva Jair se acostumando Bolsonaro Presidente na @TVCultura com Cultura Digital Personalize seu perfil em apoio a @jairbolsonaro PSL 17  Siga @BolsonaroSP @FlavioBolsonaro @CarlosBolsonaro @Oficialluizlima RT """,
1024037888965701632,MessiasSilSil,"""@julinhomiranda @MidiaNINJA Uma est√°tua em bronze do ex-presidente Luiz In√°cio Lula da Silva foi instalada, nesta segunda-feira (26), no centro de Washington (EUA), pr√≥ximo √† Casa Branca ‚Äì centro do poder nos Estados Unidos""",
1024037892417572864,ElsonBotelho,"""MAIS UM,  BOM, MOTIVO PARA  QUE  VOCE  VOTE  EM BOLSONARO  !!!""",
1024037897194876929,JeffersonSpin,"""Puta merda! Que coisa Linda Gil e Chico Buarque cantando depois de 45 anos juntos ""Afasta de mim esse C√°lice-se"" no Festival Lula Livre.  """,
1024037901124993024,ieda_mara,"""@AdeliaNascimen3 @PEC56URGENTE A Vice do Bolsonaro, √© de tamanho peso,  que o AFUNDAR√Å de vez.""",
1024037906229481472,Dom_Carmel,"""@Estadao Bolsonaro n√£o √© liberal. Amoedo eu ainda tenho d√∫vidas.""",
1024037905843609600,FrancineGalbier,"""PT convocando jejum nacional pelo Lula livre. J√° tem in√∫meros brasileiros passando fome sem querer por causa deles. Agora querem que passem por vontade pr√≥pria. Tragicom√©dia.""",
1024037907143827458,bomdepileria,"""@DCM_online Geraldo Alckmin vai ser detonado na seca de S√£o Paulo. Racionamento""",
1024037918724317185,47norberto,"""@jairbolsonaro @rosangela_bolze Eu tamb√©m votei em A√©cio pois ainda n√£o sabia que ele era comparsa do lula.""",
1024037932578099200,AsamiBanks,"""@irapuan @joaoamoedonovo O Lula est√° PRESO. Candidato condenado em 2¬∞ inst√¢ncia ae torna inelegivel automaticamente via lei da ficha limpa,eu teria vergonha de falar de bandido., , Me fala 1 candidato do PSL que est√° usando fundo partidario , ai nois termina de conversar""",
1024037935631556608,ChzLucasandre,"""O Bolsonaro est√° cada vez mais prensado √© f√°cil observar. Elei√ß√£o deste ano outra vez polarizada entre petistas e tucanos. Vamos com tudo PT.""",
1024037933936988162,AnonimoFamoso,"""Hoje √†s 22h15 tem sabatina com Bolsonaro no Roda Viva e √Ålvaro Dias na Globonews. A qual voc√™ vai assistir?""",
1024037935866421248,ajudanilo1,"""Meta de Relacionamento:, Eu e o Moz√£o, pizza, picoca, 22h15 Roda Viva. A gente racha de rir do Bolsonaro, ai eu digo: Te amo! vc responde: eu sei! A gente ri de novo e se beija.""",
1024037933936988162,AnonimoFamoso,"""Hoje √†s 22h15 tem sabatina com Bolsonaro no Roda Viva e √Ålvaro Dias na Globonews. A qual voc√™ vai assistir?""",
1024037945223860226,grokiw,"""@pauloteixeira13 Acho que a milit√¢ncia precisa assistir esse v√≠deo da sa√≠da dos senadores do PMDB da visita a Lula para entender o que est√° acontecendo. Aten√ß√£o especial √† fala do Renan Calheiros. #LulaLivre """,
1024037945638961153,GeoJuridica,"""‚ÄúProfessor‚Äù militante mente, agride e amea√ßa tirar pontos de quem falar de Bolsonaro.  """,
1024037950827315201,Lei_Eleitoral,"""‚ÄúProfessor‚Äù militante mente, agride e amea√ßa tirar pontos de quem falar de Bolsonaro.  """,
1024037935866421248,ajudanilo1,"""Meta de Relacionamento:, Eu e o Moz√£o, pizza, picoca, 22h15 Roda Viva. A gente racha de rir do Bolsonaro, ai eu digo: Te amo! vc responde: eu sei! A gente ri de novo e se beija.""",
1024037958956064768,idolo1940,"""@FilmusDaniel Lula 2030""",
1024037963343306752,maysamarina10,"""MP denuncia cinco por queimar bens e expulsar venezuelanos de pr√©dio em Mucaja√≠, interior de Roraima - , ., #pt #lula #brasil #lulalivre #brumar #ney #Eleicoes2018""",
1024037981081010176,ApenasTedio,"""Os anti-bolsonaro t√£o divulgando o Roda Viva de hoje mais quem defende ele""",
1024037983937290240,br45ilnocorrupt,"""@Rgood68 Tuita√ßo AGORA #BolsonaroNoRodaViva √â melhor @RodaViva Jair se acostumando Bolsonaro Presidente na @TVCultura com Cultura Digital Personalize seu perfil em apoio a @jairbolsonaro PSL 17  Siga @BolsonaroSP @FlavioBolsonaro @CarlosBolsonaro @Oficialluizlima RT""",
1024037988085452801,carlosrds2,"""@VEJA Bolsonaro,Neles!!! O melhor para o Brasil. Vai ser no 1 turno. Sou.Nordestinho com muito orgulho.""",
1024038016111837189,Fabiana7777777,"""A cada tentativa da globo lixo em manchar o Bolsonaro,  mas convicta fico do meu voto. #BolsonaroRodaViva""",
1024038027935461376,TonyXexeo,"""@o_antagonista Gandhi fez greve de fome mas jornalistas descobriram que a noite ele comia frutas escondido, Lula fara greve de fome mas jornalistas descobrir√£o que a noite ele come 51 com farinha com pudim de Velho Barreiro""",
1024038030548643841,luismontarroios,"""Eu apoio todo mundo que for votar em Lula sair com a m√°scara dele no dia da vota√ß√£o haha #Lula2018""",
1024038038656176128,sa6431683,"""@libdep @lucasit @claudioedantas Ou seja, considerar Bolsonaro como uma das velhas raposas sanguessugas s√≥ porque ele est√° a mais de trinta anos na pol√≠tica s√≥ demonstra desonestidade em n√£o reconhecer que mesmo vivendo todos esses anos naquele antro n√£o se deixou corromper.""",
1024038038735908864,RodandRoll,"""Bolsonaro no Roda Viva: quem far√° parte da bancada de entrevistadores? """,
1024038039125979137,joaoluciomjr,"""Gleisi nega carta enviada por Lula em apoio a Eun√≠cio: fake news  via @brasil247""",
1024038044914147334,postsingular_,"""tenho que rir com esses comentaristas pol√≠ticos da @radiojovempan de mimimi, patinhos porque o lula lidera as pesquisas mesmo de dentro da cadeia... como diria algu√©m, ""√© dif√≠cil ser voc√™, candidato solto...""""",
1024038064400818176,pedroibm,"""@gleisi A bancada de hj do Roda Viva com Bolsonaro ser√° composta por Tha√≠s Oyama, da revista Veja; S√©rgio D√°villa, do jornal Folha de S. Paulo; Leon√™ncio Nossa do jornal O Estado de S. Paulo; Maria Cristina Fernandes, do jornal Valor Econ√¥mico; e Bernardo Mello Franco, do jornal¬†O Globo""",
1024038078757912576,UtilIdiota,"""ai ai ai ai ta chegando a hora!!!, , """,
1024038083552059397,paulo_briani,"""Bolsonaro come√ßa a divulga√ß√£o dos seus planos de governo., , """,
1024038086987132928,SeguirCampeoes,"""#RodaViva  , , #BrasilComBolsonaro, ,  #S√≥OsSelecionados  , ,  #BrazilWantsLoveYourselfTour, ,  #BrazilWantsLoveYourselfTour""",
1024038101444947968,marcianoBR,"""O MITO *Bolsonaro* Vence em todos os estados, porque o povo quer renova√ß√£o!, ___________________, Acre: Bolsonaro 64,18 %, ___________________, Alagoas:Bolsonaro 48,36%, ___________________, Amap√°: Bolsonaro 72,29%... """,
1024038102371844096,FlavioKerr,"""ATEN√á√ÉO!  Bolsonaro no Roda Viva!  Nesta Segunda (30/07/18) √†s 22:15, na...  via @YouTube""",
1024038106092265473,postsingular_,"""tenho que rir com esses comentaristas pol√≠ticos da @radiojovempan pan de mimimi, putinhos porque o lula lidera as pesquisas mesmo de dentro da cadeia... como diria algu√©m, ""√© dif√≠cil ser voc√™, candidato solto...""""",
1024038108365500421,ValencaOnline,"""Na data da conven√ß√£o que homologar√° Lula candidato, PT vai convocar jejum nacional - Valen√ßa Online """,
1024038115181318145,josearnaldonet,"""@UOL Neymar poderia sair de Vice do Bolsonaro ou do Ciro ai sim a popularidade cai""",
1024038123372781570,maysamarina10,"""Prefeito √© preso por suspeita de elo com fac√ß√£o criminosa no Rio - ,  , #pt #lula #brasil #lulalivre #brumar #ney #Eleicoes2018""",
1024038145749381121,ale_soaresh,"""Esquerda √© centr√£o s√£o diferentes no modo se portar, por isso vamos de Bolsonaro #BolsonaroRodaViva""",
1024038149260029955,BRComBolsonaro,"""Uma verdade: Lula na cadeia., , Uma realidade: Bolsonaro eleito no 1¬∫ turno. , , #BolsonaroNoRodaViva""",
1024038147297079296,EdenilsonBening,"""Bolsonaro Presidente, e vai ser no primeiro turno!, #BolsonaroNoRodaViva , #BolsonaroRodaViva """,
1024038153378832384,baba_budhaz_en,"""PT convoca jejum de roubos em esfera nacional para afirmar candidatura ao Planalto., , Um dias se mentir ou roubar...,  """,
1024038153928286210,dusoligo,"""@rafa_e_eu e essa semana inteira tem entrevistas com os candidatos no globo news, o bolsonaro √© quinta""",
1024038152221208576,teiagarcia86,"""#BolsonaroNoRodaViva convocamos a todo brasileiro de bem para acompanharmos BOLSONARO hojeüëáüëáüëáüëá """,
1024038156709109771,TeixeiraEdivan,"""@sergiosnogueira @VEJA  Bolsonaro s√≥ assusta os corruptos que v√£o perder a mamata. , Os trabalhadores e a popula√ß√£o de bem, est√£o satisfeitos com o crescimento dele.""",
1024038156667166721,nona_alves,"""@brasil247 Bancada do Roda Viva com Bolsonaro s√≥ ter√° jornalistas da m√≠dia tradicional""",
1024038158726586368,giovannarocco,"""""#BolsonaroNoRodaViva , , ‚ÄúJos√© Dirceu aguentou firme a pris√£o, √© bom car√°ter, diferente de Palocci que fez dela√ß√£o"", , Ciro Gomes""",
1024038169816297474,br45ilnocorrupt,"""Tuita√ßo AGORA #BolsonaroNoRodaViva √â melhor @RodaViva Jair se acostumando Bolsonaro Presidente na @TVCultura com Cultura Digital Personalize seu perfil em apoio a @jairbolsonaro PSL 17  Siga @BolsonaroSP @FlavioBolsonaro @CarlosBolsonaro @Oficialluizlima RT """,
1024038177701617664,SeguirCampeoes,"""#DesculpaPor , , #RodaViva  , ,  #S√≥OsSelecionados  , ,  #BrazilWantsLoveYourselfTour""",
1024038185335226370,pedroluizsn,"""Embaixador brasileiro nos EUA d√° vexame e defende pris√£o pol√≠tica de Lula """,
1024038192624939008,candidalucio,"""Lula d√° golpe em companheiro por acerto com o golpista Eun√≠cio de Oliveira via """,
1024038196139773952,Causameespecie,"""Alex Rasan: Voc√™s do Globo ouviram falar do ""Festival Lula Livre"" nos Arcos da Lapa, no √∫ltimo s√°bado, reunindo uns artistas desconhecidos como Chico Buarque e Gilberto Gil? Ou ser√° que, para o ""fact checking"" de... """,
1024038200703115265,ChicaRebelde_91,"""Personas afectadas x el Lawfare promovido x la derecha as√≠ como tambi√©n xla propaganda anti-chavista q tiene como fin satanizarlos, Cristina Fern√°ndez de Kirchner, Lula da Silva, Dilma Rousseff, Jorge Glas, Rafael Correa, Nicol√°s Maduro, Ollanta Huamala, Nadine Heredia, AMLO, Gustavo Petro """,
1024038206269009921,N0tComentadas,"""Adicionei um v√≠deo a uma playlist @YouTube  LULA LIVRE""",
1024038218768019458,tatoribeiroinc,"""""",
1024038218130489347,NovaesTbsnovaes,"""E hoje no roda viva, Bolsonaro futuro presidente do Brasil. To mundo de olho üëÅ #BolsonaroNoRodaViva """,
1024038237252345857,PerezGES1,"""@joaoamoedonovo @joaoamoedonovo , sua insinua√ß√£o de q o Bolsonaro passou d√©cadas participando do ""jogo do poder"" pegou mal. Voc√™ sabe muito bem q durante todos estes anos no Legislativo ele esteve CONTRA o jogo do poder., J√° voc√™ e o NOVO est√£o alinhados c/ algumas id√©ias MALDITAS da esquerda.""",
1024038238917455874,eblucena14,"""Lula √© l√≠der em engajamento no Facebook  via @Os Divergentes""",
1024038240746188800,drjoaomarcos,"""@gcamarotti @jornaldacbn AGORA SER√Å NOSSA VEZ.. QUERO VER ESTES PAPOS FURADOS SEM ENTENDIMENTO DE LEI VALER., LULA VAI DAR O TROCO. PODE ESPERAR.  NINGU√âM VAI VOTAR NESSES COXINHAS CORRUPTOS E VAGABUNDOS. O POVO ESTA ESPERTO!!,""",
1024038246974668800,darileide,"""I liked a @YouTube video  Gleisi e Lindbergh chegando ao festival Lula Livre.""",
1024038248136552448,maysamarina10,"""Veja 30 direitos em que ningu√©m pode mexer, mesmo com a reforma trabalhista - , ., #pt #lula #brasil #lulalivre #brumar #ney #Eleicoes2018""",
1024038248610447360,crisflopes1,"""Colunista da Globo, fala de falsa carta de Lula em apoio a Senador do MDB """,
1024038250699206659,caio_hmk,"""@godxplan qq a Marina Silva tem a ver cara""",
1024038256885878785,raythomazelli,"""bolsonaro sendo chacota mais uma vez nas redes sociais e n√£o choca ningu√©m.""",
1024038261990322177,ElsonBotelho,"""MAIS UM,  BOM, MOTIVO PARA  QUE  VOCE  VOTE  EM BOLSONARO  !!!, """,
1024038263059894277,sharingamei,"""a ana mandando foto no grupo do lula e eu rindo igual uma doida""",
1024038265496760321,WagnerPaivaCCB,"""Para livrar o Brasil das garras da Esquerda, apenas Bolsonaro. #BolsonaroRodaViva""",
1024038267975622656,PoetaminasBH,"""üì¢ Que virada para nosso pais!!! , Bolsonaro realmente √© focado nas id√©ias nacionalistas ....olha s√≥ AS 17 ideias da equipe BOLSONARO. Suas propostas em seu plano de governo lan√ßado recentemente:, , Mudan√ßa 1:... """,
1024038272987738113,indeanu,"""hj tem bolsonaro no roda viva dia importante pras elei√ß√µes""",
1024038278973083648,SeguirCampeoes,"""#BrazilWantsLoveYourselfTour , , #RodaViva  , ,  #S√≥OsSelecionados  , ,  #BrazilWantsLoveYourselfTour""",
1024038291723767813,nbhdclairo,"""hoje na minha sala tava tendo um debate sobre politica dai um embuste l√° se levantou e disse que iria votar em bolsonaro nessa elei√ß√£o... """,
1024038294890401799,hudsonpb,"""Com sete segundos de TV, campanha de Bolsonaro ser√° feita por ag√™ncia da Para√≠ba., ., ., , üî¥Opini√£o da reda√ß√£o: acho um absurdo determinados partidos se juntar e ter direito demais tempo, se‚Ä¶ """,
1024038300913487874,HelenePeri,"""@claudioedantas O TSE j√° fez tanta vista grossa pra Lula, Bolsonaro e outros, nestas elei√ß√µes, o que seria mais algumas irregularidades?""",
1024038301588762625,colunaesplanada,"""Entre os mais de 70 filmes que produziu, dirigiu e roteirizou, destacam-se Dona Flor e Seus Dois Maridos, O Que √â Isso, Companheiro, O Quatrilho e Lula, o Filho do Brasil. Atualmente, Barret√£o produz filme sobre a vereadora Marielle Franco.""",
1024038303316803585,Lahlithflores,"""#3em1 apoiadores do Bolsonaro seus criminosos il√≠citos, parem de mandar fazer outdoors do mito, quando eles acabarem o folhetim eletr√¥nico 3em1 vai querer BANIR as camisetas tamb√©m, se fossem do Alckmin todos estariam silentes quanto a isso""",
1024038314167488518,galvaoabc,"""#BolsonaroNoRodaViva, Hoje ser√° o dia em que o mercado vai aprovar definitivamente o bolsonaro ou reprova-lo. caso o mercado aprove a elei√ß√£o est√° ganha.  se desaprovar podemos ter uma vida dif√≠cil pela frente""",
1024038317493575680,pedroluizsn,"""Gleisi nega carta enviada por Lula em apoio a Eun√≠cio: fake news """,
1024038319506817029,br45ilnocorrupt,"""@Diaboadvogado1 Tuita√ßo AGORA #BolsonaroNoRodaViva √â melhor @RodaViva Jair se acostumando Bolsonaro Presidente na @TVCultura com Cultura Digital Personalize seu perfil em apoio a @jairbolsonaro PSL 17  Siga @BolsonaroSP @FlavioBolsonaro @CarlosBolsonaro @Oficialluizlima RT""",
1024038326121193481,AndrDelamare1,""" #Bolsonaro #fakenews #Elei√ß√µes #Pesquisas #Voto""",
1024038346891374592,souguereira,"""@BrecaBores @LulaOficial Vi a entrevista na sa√≠da da PF. A monja Coen visitou Lula ainda a pouco.  #LulaAmor ‚ù§‚ù§""",
1024038350322376704,luizcampagnollo,"""@g1 Tem nada n√£o , ano que vem Bolsonaro abre contra a Dilma , pimentel, aluizio nunes, jose genuino, jose dirceu, jose serra entre outros tantos guerrilheiros comunistas que nunca pagaram por seis crimes.""",
1024038356676759552,maysamarina10,"""Conta de luz segue com taxa extra mais cara em agosto: R$ 5 a cada 100 kW/h - , ., #pt #lula #brasil #lulalivre #brumar #ney #Eleicoes2018""",
1024038367871344641,MarrysilRocha,"""Hoje audi√™ncia da Tv cultura vai chegar no pico mais alto, pq Bolsonaro vai estar por l√°, #BolsonaroNoRodaViva """,
1024038375232286725,gazzinelliq,""" #LULA #artigo""",
1024038376020877312,JornalMarajo,"""@cristilobo @GloboNews Voc√™s v√£o entrevistar o Lula ou quem o partido indicar?""",
1024038383549640705,MidiaNINJA,"""At√© a imprensa internacional sabe!, ""Machista, homof√≥bico e racista"" - Para o Tribune de Geneve, jornal franc√™s, Bolsonaro √© ""Trump Brasileiro."" """,
1024038387236438022,ArmandoPrado7,"""Militantes iniciam nesta ter√ßa-feira greve de fome pela liberdade de Lula """,
1024038395549569024,SeguirCampeoes,"""#askvoltaasaulas   , , #RodaViva  , ,  #S√≥OsSelecionados  , ,  #BrazilWantsLoveYourselfTour""",
1024038398502334464,DRosarts,"""#BolsonaronoRodaViva  A rede social do Brasil est√° com Bolsonaro! """,
1024038408098914306,KareemiPrem,"""Sa√∫de Emocional e Medicina Convencional .:. P√≠lula de Leveza .:.:  via @YouTube""",
1024038407754924038,lourdesflintz,"""@JustBira @jairbolsonaro @leandroruschel @BlogDoPim @oblogdowerneck @titoporto10 @PPReacaRN @luciamoura00 @ClaudeLuca_ @jordanbern4rdes @subeida1 @coxinhabrasil61 @EdGaarcia @marco_so @SylvioLincoln @easmartfingers #BolsonaroNoRodaViva Bolsonaro no Roda Viva! , √â hoje, √†s 22:15, na TV Cultura. """,
1024038415535357952,xmaduss,"""@beavaraujo n√£o. , to carente de amor e preocupada n quero q o bolsonaro ganhe e triste pq tem aula amanh√£ mas assim t√° td bem """,
1024038421617094657,NEWSBAOficial,"""Jo√£o Amo√™do recusa convite de Jana√≠na Paschoal para alian√ßa com Bolsonaro """,
1024038428911001601,marcosfsouto,"""@tiaoalmeidaneto @LulaOficial .... Uma grande sujeira embaixo do tapete. Mas tenho q admitir meu erro. Se nao fosse seu questionamento, nao teria ido pesquisar e visto que o que eu havia me referido na verdade era de outro festival, e nao do movimento em prol do Lula que aconteceu na Lapa do Rio.""",
1024038431591161858,SergioPRibeiroF,"""Ibope registra nova pesquisa, Lula lidera em todas as pesquisas at√© agora - Di√°rio Causa Oper√°ria """,
1024038434707517441,everhazz,"""@thaisatenorio Eu acho o Bolsonaro um embuste, mas infelizmente cabe a sua prima mudar esse conceito, quem sabe n√©, mas se n√£o, o jeito √© respeitar, mas n√£o vale a pena discutir por politico, mas entendo, √© decepcionante. :\""",
1024038448498450434,coe_gabiduarte,"""Meu vizinho me parou na rua pra me criticar por compartilhar/postar coisas no fb contra bolsonaro: ‚Äúvou contar pro seu pai‚Äù disse ele , eu tive que rir bem altoooooo""",
1024038448590741504,pzandy,"""Estamos com Bolsonaro pelo bem das fam√≠lias #BolsonaroRodaViva """,
1024038453904859136,nona_alves,"""@brasil247 Tarso Genro defende Boulos como op√ß√£o do PT, caso Lula seja impedido""",
1024038456870281216,Luzia52363521,"""@japonesjbsantos @cinefilo_K Para de falar asneira . Lula saiu a 10 anos a corrup√ß√°o acabou ?  Nos estamos bem ?  Entao pense primeiro ele ta sendo perseguido  . Isso pode acontecer co. Qualquer cidad√£o""",
1024038458728374272,br45ilnocorrupt,"""Tuita√ßo AGORA #BolsonaroNoRodaViva √â melhor @RodaViva Jair se acostumando Bolsonaro Presidente na @TVCultura com Cultura Digital Personalize seu perfil em apoio a @jairbolsonaro PSL 17  Siga @BolsonaroSP @FlavioBolsonaro @CarlosBolsonaro @Oficialluizlima RT """,
1024038469176311808,IgorAfonico,"""podia cair um raio no bolsonaro""",
1024038473890713600,ElettraSantana,"""@dezzoito @marceloredsox @Gigisxavier @MidiaNINJA Parece q o TRE/RJ, n√£o pensa assim j√° que recolheu todo tipo de material com o nome de Lula ou do PT, argumentando que era campanha pol√≠tica antecipada? N√£o sou eu que estou dizendo, foi o Alexandre Garcia quem deu a not√≠cia no JN!""",
1024038476185063425,chescotoledo,"""@MidiaNINJA La prensa peruana tambi√©n: , , """,
1024038480609980416,amvValentino,"""@josepepepe90 @LulaOficial Mal ejemplo es la presidencia ileg√≠tima que ejerce Temer., Mal ejemplo es tener preso a Lula sin pruebas., Mal ejemplo es matar a Mairelles""",
1024038484544315392,geministyles_on,"""Stray Cats - Be Bop A Lula """,
1024038484254908417,maysamarina10,"""Acontece neste s√°bado (28) a conven√ß√£o estadual do PT de S√£o Paulo - , #pt #lula #brasil #lulalivre #brumar #ney #Eleicoes2018""",
1024038485836087298,Guganomaroli,"""@LulaOficial @monjacoen Essa pris√£o ta sendo boa demais! Ta civilizando os petistas, at√© √°rvore o pessoal do MST ta plantando! Sensacional!! Deixa esse Lula preso pra sempre. #paz""",
1024038497420759040,OChrisAraujo,"""mesmo sabendo q o bolsonaro vai falar merda, TODO MUNDO QUER ASSISTIR""",
1024038500113346560,jakie2h1,"""Stray Cats - Be Bop A Lula  via @YouTube""",
1024038499962560512,teiagarcia86,"""Se vc √© conservador vc √© Bolsonaro!!!  #BolsonaroNoRodaViva""",
1024038500520419328,ririlimas,"""@folha Se o Bolsonaro for legalizado cenas como essas ser√£o comuns""",
1024038502420410370,MadrugaCoin,"""@migmarley @thvaz @pfnery J√° engoliu as bolas de quem hj ? Do Lula ? Do Haddad ? Do Ciro ? T√° engasgado a√≠ ein amigo ... Poe pra fora ...""",
1024038509542338561,grokiw,"""@Whackybus Acho que a milit√¢ncia precisa assistir esse v√≠deo da sa√≠da dos senadores do PMDB da visita a Lula para entender o que est√° acontecendo. Aten√ß√£o especial √† fala do Renan Calheiros. #LulaLivre """,
1024038509559140355,Lagoinha_com,"""Confira o estudo de #c√©lula desta semana: """,
1024038510821601280,evandrohot,"""Grande merda Caetano, Chico e Gil faxendo show pro Lula, Rita Cadilac fazia show pra presidi√°rio desde a √©poca do Carandiru""",
1024038516622118912,acidmommy,"""Voc√™ precisa parar de repetir o bl√° bl√° bl√° da m√≠dia desesperada pq vai perder a teta e come√ßar a enxergar os fatos como eles s√£o. Bolsonaro racista onde? Qual o seu conceito de racismo mesmo??? , #BolsonaroNoRodaViva """,
1024038519495376896,joaoluciomjr,"""Festival Lula Livre repercute em sites de todo o mundo  via @brasil247""",
1024038520799854592,ieda_mara,"""@joanabuas A Vice do Bolsonaro, √© de tamanho peso,  que o AFUNDAR√Å de vez.""",
1024038526076239872,revolucao22,"""O que eu mais queria hj √© a @veramagalhaes entrevistando Bolsonaro!""",
1024038528945205248,fabiulauren,"""@RiKruschewsky @TiaoVieira005 @lexandrehonorio @AndreVicente9 @JornalOGlobo @STF_oficial Lula n√£o ao seu festival porque ficou PRESO em outro compromisso !""",
1024038530090192896,Dom_Carmel,"""@Estadao @ECantanhede N√£o h√° compara√ß√£o. Alckmin governou o estado mais rico do BRASIL duas vezes. Bolsonaro n√£o govrrna nem a l√≠ngua.""",
1024038530413035520,jarbascel1,"""Tava aqui estudando e escrevendo no meu casulo, quando vi isso.... Essa pessoa maravilhosa Monja Cohen falando do encontro com Lula. Chorei copiosamente! """,
1024038535232479232,WDietzold,"""Festival Lula Livre repercute em sites de todo o mundo """,
1024038535861608449,glaucioavm,"""E ai @rodaviva vai arregar hoje para o Bolsonaro? #Bozonaro #Bolsolixo""",
1024038535681204224,Funnymeireles,"""@106c100445ff44b @marisascruz Realmente √© isso mesmo, porque pra enfrentar a alcateia que √© nosso congresso al√©m de ter boas ideias, ser honesto etc, etc. tem que ter culh√µes rocho, e eu s√≥ estou vendo um no momento, no princ√≠pio meu voto nem era dele, Bolsonaro.""",
1024038544514461696,pedroluizsn,"""Professora dedica pr√™mio internacional a Lula """,
1024038545160384512,ZMariaCarvalho,"""Lula deveria contratar Poncio Pilatos """,
1024038548188684289,yupasian,"""A agremia√ß√£o q fa√ßo parte fez um post com o meme do Lula falando chega no ouvido do crush e fala q o processo seletivo est√° aberto., As pessoas deram GRR pq tinha o Lula. Mano, as pessoas t√™m s√©rio problemas pol√≠ticos kkk pq elas n√£o conseguem nem entender o meme""",
1024038560050163712,boccechi,"""@g1 Provavelmente eleitores de Bolsonaro""",
1024038570703679489,thesoundofagape,"""Now playing This Little Light / I Release by Jami Lula! Listen live here: """,
1024038571169210370,br45ilnocorrupt,"""@JoelAlexandreM Tuita√ßo AGORA #BolsonaroNoRodaViva √â melhor @RodaViva Jair se acostumando Bolsonaro Presidente na @TVCultura com Cultura Digital Personalize seu perfil em apoio a @jairbolsonaro PSL 17  Siga @BolsonaroSP @FlavioBolsonaro @CarlosBolsonaro @Oficialluizlima RT""",
1024038574931554306,maysamarina10,"""PT descarta Josu√© Gomes como vice de Lula nas elei√ß√µes 2018 - , #pt #lula #brasil #lulalivre #brumar #ney #Eleicoes2018""",
1024038579830448130,gazzinelliq,""" #festivallulalivrelula #lulalivre #LULA""",
1024038581269147648,tleanni,"""Hahaha eu sou muito legal eu vou e n√£o mar√ßo nada na enquete do por cento hetero e depois digo gra√ßas a Deus nossa como eu sou lacrador cad√™ o lula pra me beija""",
1024038582695198720,gabriellamc99,"""mano, eu n√£o t√¥ acreditando que algu√©m √© capaz de escrever um texto defendendo Bolsonaro""",
1024038587615113216,ajudanilo1,"""Meta de Relacionamento:, Eu e o Moz√£o, pizza, picoca s√£o 22h15 estamos assistindo Roda Viva. A gente racha de rir do Bolsonaro, ai eu digo: Te amo! o mozaum responde: eu sei! A gente ri de novo e se beija.""",
1024038588063862784,FrancineGalbier,"""N√£o posso nem afirmar que n√£o vou com a cara do Geraldo Alckmin pelas coisas que ele diz porque nunca consegui escutar ele por mais de 2 minutos, sempre durmo.""",
1024038595043237889,mamariassis,"""bolsonaro no roda viva hoje e aqui em casa o card√°pio vai ser: torta de maracuj√°, trevoso, coca, macarr√£o, brigadeiro, coxinha e pipoca. Eu vou v√™ ele se fudendo gostoso""",
1024038598281252864,gabecittadin,"""@mylenas_alves Nossa que estranho, eu n√£o notei nenhuma altera√ß√£o... Inclusive era a p√≠lula que deixava minha pele horr√≠vel e meu humor p√©ssimo, Que droga, pq √© muito pr√°tico mesmo""",
1024038601892483072,mosexdru,"""22:15 tem bolsonaro no roda viva. finalmente, ele num debate de verdade. ao vivo.""",
1024038604081954816,thtlth,"""Isent√µes torcendo contra Bolsonaro, pra ele ser massacrado no Roda Viva. √î ra√ßa! Tudo inveja, j√° que o candidato deles zera audi√™ncia, enquanto Bolsonaro vai bater recorde.""",
1024038606967635974,jisbarba,"""Ator Marcos Palmeira n√£o aceita convite para ser vice de Marina """,
1024038613535911936,BernardoJGF,"""At√© as m√≠dias internacionais sabem!, ""Machista, homof√≥bico e racista"" - Para o Tribune de Geneve, jornal franc√™s, Bolsonaro √© ""Trump Brasileiro."" """,
1024038616853630976,Thas00758748,"""PSL de Bolsonaro foi o mais fiel a Temer neste ano - """,
1024038625862971392,Felipe89011,"""@gleisi @LulaOficial @JokaMadruga Arruma outro candidato que Lula n√£o vai concorrer as elei√ß√µes esse ano...""",
1024038633324593153,Ro_anna,"""Cardiologista que tem 2 empregos p√∫blicos e 2 em cl√≠nicas privadas , ‚ÄúLula e Dilma acabaram com a classe m√©dica ‚Äú, Nossa! O que eles fizeram?, ‚ÄúA Dilma foi pior pq trouxe m√©dicos cubanos‚Äù, Mas em muitos lugares n√£o tem m√©dicos , ‚ÄúCubanos n√£o s√£o m√©dicos‚Äù, Tchau dr Marcelo""",
1024038635610550272,Dom_Carmel,"""@Estadao @ECantanhede N√£o h√° compara√ß√£o. Alckmin governou o estado mais rico do BRASIL duas vezes. Bolsonaro n√£o governa nem a l√≠ngua.""",
1024038638563164160,vinicera_,"""Antes precisei ouvir que o Trump t√° certo em separar os pais dos filhos. Ele tem que ""proteger"" o pa√≠s dele, que l√° tem lei., , E pra fechar, precisei ouvir um comentando com o outro sobre um canal de v√≠deos do bolsonaro. Com as ""ideias"" dele.""",
1024038641587445760,renato_battista,"""@dailtonoloveira Boa pergunta. Certamente os olhos estar√£o atentos ao Bolsonaro no Roda Viva, rs.""",
1024038643210567680,darileide,"""I liked a @YouTube video  M√∫sica e resist√™ncia - Trompetista toca e fala com exclusividade sobre Lula livre""",
1024038644561133570,Helenarubensl,"""TV Cultura., Hoje √†s 22h15, Jair Bolsonaro. , #BolsonaroNoRodaViva , #MulheresComBolsonaro """,
1024038651741843456,andreylafayet,"""Me sinto o pr√≥prio Bolsonaro gastando o dinheiro do aux√≠lio moradia com prostitutas quando o mo√ßo do mercado deixa passar a cerveja no VA üòë""",
1024038656191934465,dicasdatalita,"""A GLOBO SE UNIU COM A VEJA , EPOCA, JORNAL O GLOBO , EXTRA ETC PARA CHECAR TODAS AS FAKE NEWS PUBLICADAS NA INTERNET. INCLUSIVE A VIDA DOS POL√çTICOS. (Bolsonaro). Comose eles s√£o os maiores propagadores de FAKES? Pode isso gente?""",
1024038665574604800,jandresblu,"""@CNNChile Predicciones de su discurso: hablara de feminismo y del aborto total, su legado fantasioso, abrir√° la puerta para un nuevo mandato, quiz√° habl√© de Lula, y criticara a Pi√±era con todo. No hablara de: su paup√©rrimo gobierno, derechos sociales de papel y ""negocios"" familiares""",
1024038675326361601,urbsmagna,"""TV DETONAR√Å BOLSONARO NESTA NOITE?, Afirmam que o militar ser√° sacrificado ao vivo, ante sua ignor√¢ncia pol√≠tica,.para dar vez a Alckmin e passagem para os golpistas., SAIBA MAIS üëáüëáüëá """,
1024038677683560448,MarcosRanuccy,"""@partidonovo30 Pois acho que o Novo deveria deixar claro que n√£o tem nada a ver com o Bolsonaro - estatista, nacionalista, intervencionista, demagogo, preconceituoso, apoiador de ditadura e de torturadores.""",
1024038685178818562,FranCastro,"""O ator Macos Palmeira disse n√£o √† Marina Silva para ser vice dela., ,   via""",
1024038683786313728,juiz_nu,"""@LulaOficial @monjacoen Lula o menino pobre que fugiu da fome para tirar o Brasil inteiro do mapa da fome. Esse sempre foi o destino de Lula, j√° tava escrito.""",
1024038696578940934,Paidoseunenem0,"""Lula ou Dilma? ‚Äî Sla """,
1024038697359093760,luiz_moran,"""@partidonovo30 @JanainaDoBrasil fez essa proposta ? E se fez, a fez em nome do @PSL_Nacional ou do @jairbolsonaro ?, N√£o me parece l√≥gico, dado q Bolsonaro rejeita as propostas da Agenda da ONU 2030 e √© contra a descriminaliza√ß√£o das drogas e do aborto, Bolsonaro √© antiglobalista e anticomunista""",
1024038684184768512,Danielly_Jesus,"""Ontem eu ouvi de um amigo muito querido: ""Bolsonaro √© outro ditador!"", , Hoje ele vai poder comprovar que est√° errado!! , , #BolsonaroRodaViva""",
1024038701196894209,MilagrosBoni,"""el s√°bado, Lula amiga de @NathalieCBM me di√≥ diesiseis a√±os hastag emoci√≥n""",
1024038716002783236,MidiaNINJA,"""At√© as imprensa internacional sabe!, ""Machista, homof√≥bico e racista"" - Para o Tribune de Geneve, jornal su√≠√ßo, Bolsonaro √© ""Trump Brasileiro."" """,
1024038715386220554,lourdesflintz,"""@jairbolsonaro #BolsonaroNoRodaViva , Bolsonaro no Roda Viva! , √â hoje, √†s 22:15, na TV Cultura. , Somos Todos Bolsonaro! """,
1024038719005896704,HVML,"""NA ULTIMA ELEI√á√ÉO A BANDILMA E OS PERTRALHAS FIZERAM O DIABO PRA CANHA , NESTA QUE VAI FAZER O DIABO PRA ATRAPLHA BOLSONARO VAI SER ESTA TURMINHA AI CUIDADO CALERA """,
1024038722378051585,BRComBolsonaro,"""O Brasil que eu quero:, , Bolsonaro Presidente üáßüá∑, , #BolsonaroNoRodaViva""",
1024038725058265089,LucasCassimiroS,"""@folha Eu pensei que sairia uma mat√©ria tipo: ‚ÄúCrian√ßas russas aprendem a guerrear nas f√©rias ap√≥s incentivo de Bolsonaro em armar crian√ßas.‚Äù""",
1024038729986592768,millysmth,"""daqui a pouco tem c√©lula""",
1024038741919375365,Jonatha27532071,""" #Bolsonaro #fakenews #Elei√ß√µes #Pesquisas #Voto""",
1024038745366913024,robertoumbu,"""Jair Bolsonaro lidera inten√ß√£o de votos entre evang√©licos """,
1024038753592139776,Maharaday,"""Povo do Lula Livre v√£o fazer uma greve de fome nacional... eu desejo uma boa fome!!! (piada j√° na segunda... ia manter a dieta, mas bateu aquela fome!) """,
1024038754821066752,pedroluizsn,"""Professora dedica pr√™mio internacional a Lula  via @YouTube""",
1024038756377133056,Pedritofasx,"""Ma√±ana hay una prueba sobre c√©lula,para colmo no copi√© una mierda,¬øqui√©n se va a sacar un 1?""",
1024038758780424193,br45ilnocorrupt,"""Tuita√ßo AGORA #BolsonaroNoRodaViva √â melhor @RodaViva Jair se acostumando Bolsonaro Presidente na @TVCultura com Cultura Digital Personalize seu perfil em apoio a @jairbolsonaro PSL 17  Siga @BolsonaroSP @FlavioBolsonaro @CarlosBolsonaro @Oficialluizlima RT """,
1024038762211405826,bielelias,"""ah n√£o hoje tem roda viva com bolsonaro esse site vai virar um INFERNO""",
1024038762563751936,Diego_arcano,"""@ferrlorenzon @alerodrigues247 """,
1024038779143766022,albertprass,"""O Instituto Paran√° Pesquisas afirma que a mensagem que circula no WhatsApp n√£o √© verdadeira """,
1024038780532076544,RicardoAP1000,"""√± sei qual a finalidade desse discurso desse sr. pois ele faz parte do golpe, desde a impossibilidade do ex-presidente lula assumir , negado por ele . """,
1024038796243951616,maysamarina10,"""Grandes injusti√ßas, como a pris√£o de Lula, j√° pautaram lutas de v√°rios artistas pelo mundo - """,
1024038805316268033,Marialisu,"""@SusanaGautreau No , la ciencia quiere encontrar vida en otros planetas . Acaso una c√©lula dividi√©ndose en tu vientre no lo es ? No logras ver lo evidente .Cuales son las estad√≠sticas de muertes por negligencia con beb√©s sanos ? Son mayores que las de riesgo ?""",
1024038818310238210,vithor007,"""Que hrs √© o Bolsonaro no roda Viva ? #BolsonaroNoRodaViva""",
1024038832164007943,FlavioBacco1,"""R‚Ä¢O‚Ä¢D‚Ä¢A - V‚Ä¢I‚Ä¢V‚Ä¢A, Hoje! 22h15. Imperd√≠vel! A imparcialidade dos entrevistadores e quest√µes a serem  formuladas, tamb√©m devem ser analisadas, visto que houve uma diferen√ßa absurda entre os entrevistados Manuela D'√Åvila e Geraldo Alckmin em seus programas. Brasil de olho!""",
1024038837306253313,rafaelpc007,"""Lula ou Dilma? ‚Äî A do meio """,
1024038839755726848,douglaspands,"""@celosantos Uma vez eu li, vou procurar a fonte, que nossa d√≠vida vem da √©poca da independ√™ncia do Brasil. Mas enfim, a ditadura realmente fez uma boa d√≠vida. Mas se n√£o me lembro bem, o Lula tinha pago a d√≠vida externa. Cara, tem muita hist√≥ria mau contada.""",
1024038842356170753,VagnerBrito4,"""Justi√ßa De Curitiba √â Acusada De Escravizar O Ex Presidente Lula Para Ev...  via @YouTube""",
1024038845350928386,ElsonBotelho,"""UMA  INVERS√ÉO  DE VALORES !!!, , O POVO  SERVE  O GOVERNO !!!, , """,
1024038850765705217,MaraDeMagalhes1,"""@OCorvo_ Bolsonaro vai ter que enfrentar esse tipo de contradit√≥rio! Acredito ser uma grande oportunidade dele mostrar ao Brasil quais s√£o seus planos pro nosso futuro! Apenas espero respeito ao direito de responder ""perguntas""...""",
1024038855304007682,marcelavgd,"""Eu n√£o sei porque todo esse hype com o Bolsonaro no Roda Vida. O cara pode literalmente cagar na boca do Ricardo Lessa e os caras v√£o continuar votando nele.""",
1024038856142856193,HerdyLuiz,"""@LulaOficial @humbertocostapt @gilbertogil VERGONHA!  PORQUE OS ARTISTAS QUE APOIAM LULA S√ÉO ""FREGUESES"" DE VERBA P√öBLICA? COINCID√äNCIA?  KKKKKKK""",
1024038855752802304,Jailson54275645,"""22h15 Roda Viva com Bolsonaro! #RodaViva """,
1024038858000936970,jr_olweb,"""@radiobandnewsfm Link para o canal oficial do @rodaviva, para quem deseja assistir ao vivo √†s 22:15h de hoje:  , Entrevista com Jair Bolsonaro no  Roda Viva., , #BolsonaroRodaViva #jairmitandonorodaviva #jairbolsonaro #rodaviva #JairBolsonaroNoRodaViva #BolsonaroNoRodaViva""",
1024038858206441472,DRosarts,"""#BolsonaronoRodaViva  Est√° mais que comprovado, Bolsonaro para dar ordem e progresso no Brasil! """,
1024038875709276160,br45ilnocorrupt,"""@BRComBolsonaro @jairbolsonaro Tuita√ßo AGORA #BolsonaroNoRodaViva √â melhor @RodaViva Jair se acostumando Bolsonaro Presidente na @TVCultura com Cultura Digital Personalize seu perfil em apoio a @jairbolsonaro PSL 17  Siga @BolsonaroSP @FlavioBolsonaro @CarlosBolsonaro @Oficialluizlima RT""",
1024038895602806786,foitestado,"""#Bolsonaro levar√° Jana√≠na Paschoal ao programa Roda Viva, diz jornalista: Imagem: Fernando‚Ä¶ """,
1024038911864135680,ConfrariaViril,"""LAN√áADA, #Opress√£oNoRodaViva, , Daqui a pouco come√ßa o Show do MITO DOS MITOS, Jair Messias Bolsonaro ensinar√° como fazer pol√≠tica de valores, igualdade e responsabilidade. For√ßa, honra, Brasil acima de tudo, Deus acima de todos.""",
1024038914464653313,nona_alves,"""@brasil247 Lula ser√° eleito no 1¬∫ turno e se for cassado levar√° seu candidato √† vit√≥ria, como Get√∫lio o fez""",
1024038925046874113,VindasDe,"""@leobolfarini S√≥ n√£o vai errar de novo e votar no Bolsonaro em, pq pedir desculpas pela segunda vez vai direto pro castigo""",
1024038930608521216,PrincipeCrimson,"""Eleitor de bolsonaro √© t√£o sem no√ß√£o que tem um apoiador usando uma postagem que padr√£o de beleza agora virou par√¢metro de voto KKKKKKKKKKKKKKKKKKKKKKKKKKKKKKKKKKK, Coitadinho, deletando-o em 3,2... tchau querido!""",
1024038939315896320,aynoamfernandes,"""Mano, a entrevista com o Bolsonaro "" vulgo olhos azuis brilhantes"" √© as 22:00. Estou desde ontem discortindo com as  "" vi√∫vas do Lula"". , #RodaViva , #BolsonaroRodaViva """,
1024038931283759105,ofcjeanmoraes,"""Lula livre üëä""",
1024038953161293825,Thallis_Machado,"""@bergnana @luciocaramori Amigo, o Bolsonaro est√° nessa m√°quina podre √© contaminada h√° 29 anos. Se ela est√° assim hoje ele tem culpa tbm. Sem contar que custa 2 milh√µes por ano, um dinheir√£o que podia estar indo pra outros lugares, como saude, educa√ß√£o e seguran√ßa""",
1024038931283759105,ofcjeanmoraes,"""Lula livre üëä""",
1024038966138490880,Salgadim_,"""@VEJA Lula lidera na inten√ß√£o de votos?.. onde???... S√≥ se for na cadeia!!!, VCS ACHAM QUE ENGANAM ALGUEM COM ESSAS MAT√âRIAS E ESSAS PESQUISAS DE CADEIA????, #vejalixo""",
1024038971087699970,BrandaoGueiros,"""BOMBA: Justi√ßa de Curitiba √© acusada de escravizar o ex-presidente Lula para evitar que ele seja candidato """,
1024038974774562816,Dom_Carmel,"""@JoelAlexandreM @alvriotw N√£o h√° compara√ß√£o. Alckmin governou o estado mais rico do BRASIL duas vezes. Bolsonaro n√£o governa nem a l√≠ngua.""",
1024038978088042499,orodrigo77,"""@claudineycastro @ManuelaDavila Vamos ver.. de todos que ja foram so o Alckmin nao passou, mas apesar da nao votar nele, sei q √© um cara preparado. Bolsonaro √© incognita.""",
1024038978285129728,Capitalistinha,"""@NesterTweets Essa pegada de m√∫sica do nordeste n√£o ficou boa, parece propaganda do Esmalte ou Lula.""",
1024038979979628545,PanichiRaphael,"""Jair Bolsonaro no Roda Viva da TV Cultura, √†s 22h15, dia 30.07.2018., , #BolsonaroNoRodaViva """,
1024038982143885312,pafranco2005,"""Monja Coen fala sobre visita a Lula na pris√£o hoje 30/07/18  via @YouTube""",
1024038990524108801,Tesla_cwb,"""@iagoIV S√≥ sobrou o Bolsonaro agora kkkkkkkkk, J√° tretaram com todos os poss√≠veis candidatos at√© agora""",
1024038990888849408,papillonsinalas,"""@arayamas ¬°Liberen a Lula!""",
1024038996920479744,anderbbsalgado,"""Ministros descartam possibilidade de liberdade a Lula em 2018, diz coluna """,
1024039001710387205,AvancaBrasil_,"""Jair Bolsonaro no Roda Viva da TV Cultura, √†s 22h15, dia 30.07.2018., , #BolsonaroNoRodaViva""",
1024039003287433217,RabeloAmarildo,"""@o_antagonista Senadora vc √© outro n√≠vel pula fora e vota bolsonaro""",
1024039006223380480,EuripedesAzeve9,"""@LulaOficial O Lula foi ao evento? üòÇüòÇüòÇüòÇüòÇ""",
1024039010803621894,VagnerBrito4,"""Ibope registra nova pesquisa, Lula lidera em todas as pesquisas at√© agora  via @YouTube""",
1024039014196813829,maysamarina10,"""Por um Brasil de todos, com mais emprego e inclus√£o - , ., #pt #lula #brasil #lulalivre #brumar #ney #Eleicoes2018""",
1024039022933536769,ifardales,"""Radio Habana Cuba | Demandan miles de brasile√±os liberaci√≥n de Lula Da Silva: """,
1024039022975434757,JDias_TI,"""Btw, se a candidatura do haddad vingar, foi pq lula n√£o teve op√ß√£o ...""",
1024039027949953024,JooFlorentino3,"""@JornalOGlobo Fake √© essa mat√©ria com Lula candidato... caras de pau... , #BolsonaroNoRodaViva""",
1024039030407811077,carlosrds2,"""@UOLPolitica @UOL S√≥ √© 12 anos e m√™s. Pra esse presidi√°rio,canalha, corrupto. Para bem do Brasil. Bolsonaro,Neles.""",
1024039035642290176,d_guarilha,"""@CarlosBolsonaro Pronto! Bolsonaro!!!""",
1024039061852495872,irapuan,"""@AsamiBanks @joaoamoedonovo N√£o √© a mim que voc√™ deve lembrar a Ficha Limpa. √â aos institutos de pesquisa que inclui o nome do Lula. S√£o eles que d√£o dianteira ao Bolsonaro. , , Sobre o PSL, volto depois. Tive dificuldade de encontrar a presta√ß√£o de contas do partido. Preciso de mais tempo.""",
1024039067296575489,Danny_rios,"""@pablointhamouss @pagina12 Qu√© pensar√° Lula que sac√≥ a la Polic√≠a Militar a la calle, ¬øno?""",
1024039067045044226,JLazdenas,"""#BolsonaroRodaViva , , Eis a quest√£o , , √â a√≠? , , Eu vou de bolsonaro e vc ? """,
1024039072220807169,lcrudo,"""√â #FAKE que pesquisa mostre Bolsonaro √† frente em todos os estados mesmo com Lula candidato """,
1024039077279092737,jaymelimaACP,"""Retweeted Bolsonaro Presidente (@JoelAlexandreM):, , Aten√ß√£o! , , A Hashtag de hoje √© #BolsonaroNoRodaViva, , Tem que ser apenas uma Hashtag por tweet, , N√£o pode ter s√≥ a Hashtag no tweet , , Tem que ter algo escrito, imagem ou v√≠deo  , , Vamos Tweetar! Vamos compartilhar! , , Talquei ? üëç""",
1024039077362982912,BabiBelieves,"""Hoje??? N√£o posso. Tem Bolsonaro no Roda Viva.""",
1024039079393087490,DeDireitaBr,"""Hoje √© dia de Bolsonaro no Roda Viva! Vamos espalhar a TAG e quebrar recorde de audi√™ncia üëâüèªüáßüá∑, RT tag: #BolsonaroNoRodaViva """,
1024039097340493825,jccorrea,"""Se o Janaina Paschoal comparecer ao lado de Bolsonaro hoje no @rodaviva ,ir√° ultrapassar a audi√™ncia da entrevista com o S√©rgio Moro""",
1024039106114998274,guimaraes1_ar,"""@claudioedantas √â esse tipo de coisa que me refor√ßa a a certeza que o Bolsonaro √© o cara a ser votado. A depura√ß√£o dessa porcaria vai come√ßar com ele., #BolsonaroRodaViva""",
1024039113043963910,RadioWebJuazeir,"""GREVE DE FOME PELA LIBERDADE DE LULA """,
1024039117645127680,666nabu666,"""dvdeus: Essa sexta vai ter orquestra greiosa tocando novos baianos de gra√ßa no el rock bora a a a a, Monicana: vamooo, dvdeus: Gra√ßas a deus minha sexta √© livre, Monicana: que horas √©, dvdeus: Minha sexta √© Lula a sua √© bolsonaro""",
1024039127812112385,PastorLiomar,"""Bolsonaro cresce e N√ÉO assusta: , , Pessoas honestas., Fam√≠lia tradicional. , Quem √© contra as drogas., Quem √© contra a corrup√ß√£o. , Militares das For√ßas armadas. , Quem gosta de lei e ordem., Quem √© patriota e ama o Brasil., Todos que s√£o CONTRA a bandidagem., , #BrasilComBolsonaro """,
1024039141800112129,wendelljmj,"""@tahardd @o_antagonista Fernandinho Beira-Mar tamb√©m foi pelo sustento da fam√≠lia, Marcola, goleiro Bruno tamb√©m porque a pens√£o ia matar a fam√≠la dele, Lula ent√£o como ia sustentar o Lulinha e o resto da turma? Esta desculpa a√≠ serve pra todo il√≠cito, eu sendo juiz tinha vergonha de uma decis√£o desta.""",
1024039144278958081,my_purcinelli,"""gente ate os franceses nao gostam do bolsonaro, como alguem consegue gostar desse cara?""",
1024039152592019460,maysamarina10,"""M√∫sica e poesia s√£o as armas para lutar pela liberdade de Lula - , ., #pt #lula #brasil #lulalivre #brumar #ney #Eleicoes2018""",
1024039156262100999,egatti1972,"""Al ritmo de ‚ÄúLula libre‚Äù | Un multitudinario festival se realiz√≥ en R√≠o  v√≠a @Pagina12""",
1024039165195894784,leonelcupertino,"""A imprensa tamb√©m n√£o gosta de Bolsonaro. Devem apertar ele hoje (√© isso ou o #RodaViva pode ser descontinuado por motivos √≥bvios).""",
1024039168639492099,pet_neto,"""3 Bolsof√≥bicos em 1, mordam seus pr√≥prios cotovelos, Bolsonaro tem o povo ao seu lado, enquanto o ""santo"" tucano de voc√™s n√£o empolga ningu√©m #3em1""",
1024039174696054785,RodrigoSioli,"""@humbor @DjalmaMusetti @joaoamoedonovo Mesmo depois de o Jo√£o ter anunciado que provavelmente apoiar√° Alckmin ou Bolsonaro num segundo turno?""",
1024039176738627584,ivanil_alencar,"""@showdavida Cabe√ßa de Bolsonaro cheia de clorifornios fecais, homofobia com este cidad√£o vai imperar, fora da candidatura seu , Antiquado, cres√ßa primeiro, evolua intelectualmente e vc chega l√°.""",
1024039175472013312,Fabi_Moller_,"""Hoje √© dia de Bolsonaro no Roda Viva precisamos chegar nos assuntos mais comentados, quem est√° comigo, d√° RT! """,
1024039179208908800,nivardo_a_c,"""@tdgch Vassifud√®.. from Brazil... Bolsonaro.""",
1024039179875958784,Diaboadvogado1,"""@propineiro @Patyzok @JeffeCardozo @JornalOGlobo @irakerly Nossa falou o cidad√£o que quer votar em lula, mas t√° preso por corrup√ß√£o, al√©m de dizer que uma mulher do STF tem ""grelo duro"" √© pelotas √© ""exporradora* de viado"" , Muito coerente voc√™. Heim..., , ELE SERA , -----------------SEU PRESIDENTE--------, #BolsonaroNoRodaViva""",
1024039184598753281,Vic001neto,"""Vamos rob√¥s,ao novo tempo!, #BolsonaroRodaViva , Nas urnas √© 17, Bolsonaro presida pra colocar o Brasil no rumo""",
1024039188633710593,amberheardr,"""high quality lula molusco """,
1024039200679776256,lukaz___,"""E hoje tem bolsonaro no roda viva, assisti o da Ciro gomes e Manuela e acho que pior que ambos n√£o tem como ir.""",
1024039200943951873,br45ilnocorrupt,"""Tuita√ßo AGORA #BolsonaroNoRodaViva √â melhor @RodaViva Jair se acostumando Bolsonaro Presidente na @TVCultura com Cultura Digital Personalize seu perfil em apoio a @jairbolsonaro PSL 17  Siga @BolsonaroSP @FlavioBolsonaro @CarlosBolsonaro @Oficialluizlima RT """,
1024039198934945794,Salgadim_,"""@VEJA Lula lidera na inten√ß√£o de votos?.. onde???... S√≥ se for na cadeia!!!, VCS ACHAM QUE ENGANAM ALGUEM COM ESSAS MAT√âRIAS E ESSAS PESQUISAS DE PORTA DE CADEIA?!?!, #vejalixo""",
1024039210825785350,PedrooP_A,"""Apoia o bolsonaro? ‚Äî Concordo com algumas de suas id√©ias """,
1024039220569141248,Diego_arcano,"""@ferrlorenzon @alerodrigues247 Depois que a lei contra o nepotismo foi feita, me apresente um parente de Bolsonaro empregado no setor publico""",
1024039222276173824,lourdesflintz,"""@Ro_Moller #BolsonaroNoRodaViva , Bolsonaro no Roda Viva! , √â hoje, √†s 22:15, na TV Cultura. , Somos Todos Bolsonaro! """,
1024039230249558018,Yeutuber,"""@VEJA O Lula vai vencer 2018 üòÄüòÄ""",
1024039241226039298,irapuan,"""@Tarik_mohad @joaoamoedonovo Era por isto que o Bolsonaro quis coligar com eles?""",
1024039243633647617,Isafanrs1,"""@marciatribufu @giovannarocco Apos assistir o Pres. Bolsonaro o molusco vai tirar a cueca pela cabe√ßa.""",
1024039248905818115,maysamarina10,"""‚ÄúOnde querem sil√™ncio, seguiremos cantando‚Äù: a carta de Lula aos artistas e √† plateia do festival Lula Livre - , ., #pt #lula #brasil #lulalivre #brumar #ney #Eleicoes2018""",
1024039267432058882,xmaduss,"""@samuelalfenas acho ela biscoiteira apesar de odiar a palavra biscoiteira eh oq ela √© mas n odeio ela ia ser legal se ela ganhasse pq pelo menos √© mulher e n √© o bolsonaro""",
1024039272096194560,elportaluco,"""A√∫n preso, Lula es candidato de Brasil para elecciones presidenciales , , La presidenta nacional del Partido de los Trabajadores (PT), Gleisi Hoffmann, afirm√≥ que ‚Äúa√∫n estando preso, el candidato de Brasil para las elecciones presidenciales de octubre pr√≥xi‚Ä¶""",
1024039273266331649,dariojjunior,"""#BolsonaroNoRodaViva N√£o acho q a participa√ß√£o do Bolsonaro no Roda Viva ser√° irrelevante para o destino da campanha dele, como afirmaram hoje algumas pessoas. Ao contr√°rio de Alckmin que d√° sono,h√° muita expectativa em torno do programa.Ele pode sim conquistar muitos votos hoje.""",
1024039273819983873,EvandroCruzeiro,"""Lula √© desmascarado pela ONU. Estudo comprova uma d√©cada e meia de mentiras do PT """,
1024039274260324352,ajulysantos,"""‚ÄúO problema dela √© a juventude, mas nada que o tempo n√£o resolva‚Äù - Ciro Gomes Lispector""",
1024039276118462464,nona_alves,"""@brasil247 Carminha faz o discurso do ‚ÄúJo√£o sem bra√ßo‚Äù mas quer mesmo consolidar o golpe e tirar Lula das elei√ß√µes, DAVIS SENA FILHO""",
1024039282925875200,jr_olweb,"""@rodaviva @jairbolsonaro Link para o canal oficial do @rodaviva, para quem deseja assistir ao vivo √†s 22:15h de hoje:  , Entrevista com Jair Bolsonaro no  Roda Viva., , #BolsonaroRodaViva #jairmitandonorodaviva #jairbolsonaro #rodaviva #JairBolsonaroNoRodaViva #BolsonaroNoRodaViva""",
1024039285236920320,ZMariaCarvalho,"""L√© com L√© cr√© com cr√© """,
1024039285673127936,mamariassis,"""bolsonaro no roda viva hoje e aqui em casa o card√°pio vai ser: torta de maracuj√°, treloso, coca, macarr√£o, brigadeiro, coxinha e pipoca. Eu vou v√™ ele se fudendo gostoso""",
1024039293092810758,AlexBRfour,"""Bonito de ser ver, n√£o??! üëáüëá, Assista Bolsonaro nesta noite no Roda Viva! Vamo qui vamo subir a TAG! üëâüëâüòéüáßüá∑, , #BolsonaroNoRodaViva """,
1024039296863535111,DiegoAraxa,"""Bolsonaro logo mais no Roda Viva. üòéüáßüá∑Ô∏è """,
1024039300940349440,byTerraNews,"""@jairbolsonaro Saiba como assistir Jair Bolsonaro no Roda Viva hoje √† noite, pela internet ou televis√£o, """,
1024039301670162432,teiagarcia86,"""Bolsonaro conta com um imenso ex√©rcito de mulheres guerreiras q luta por um Brasil melhor #BolsonaroNoRodaViva""",
1024039304866267139,br45ilnocorrupt,"""@EuSouMBC Tuita√ßo AGORA #BolsonaroNoRodaViva √â melhor @RodaViva Jair se acostumando Bolsonaro Presidente na @TVCultura com Cultura Digital Personalize seu perfil em apoio a @jairbolsonaro PSL 17  Siga @BolsonaroSP @FlavioBolsonaro @CarlosBolsonaro @Oficialluizlima RT""",
1024039309010239489,TeoBral,"""@programapanico @chicobarney @cariocadelegado Vai ser vice do Bolsonaro?""",
1024039328392077313,carloskaspchak,"""Retweeted DCM ONLINE (@DCM_online):, , V√çDEO: ‚ÄúLula disse que est√° ficando mais fil√≥sofo, mais manso‚Äù, conta Monja Coen ap√≥s visita  """,
1024039336751321088,byTerraNews,"""Saiba como assistir Jair Bolsonaro no Roda Viva hoje √† noite, pela internet ou televis√£o  , """,
1024039370037374976,br45ilnocorrupt,"""@Sidney_Andreato Tuita√ßo AGORA #BolsonaroNoRodaViva √â melhor @RodaViva Jair se acostumando Bolsonaro Presidente na @TVCultura com Cultura Digital Personalize seu perfil em apoio a @jairbolsonaro PSL 17  Siga @BolsonaroSP @FlavioBolsonaro @CarlosBolsonaro @Oficialluizlima RT""",
1024039374558773248,faif1918,"""Cantanh√™de joga a toalha. √â ‚Äúalgu√©m‚Äù contra o nome de Lula, no 2¬∞ turno  via @tijolaco""",
1024039380577648640,Fabi_Moller_,"""Hoje √© dia de Bolsonaro no Roda Viva precisamos chegar nos assuntos mais comentados, quem est√° comigo, d√° RT! , #BolsonaroNoRodaViva """,
1024039384021172226,MrcioMso1,"""Lula n√£o √© um preso pol√≠tico., Lula √© um ex pol√≠tico preso., Se ele √© um preso pol√≠tico,qual fun√ß√£o exercia durante a condena√ß√£o ???""",
1024039398256648198,IimmaanuelK,"""@LaerteCoutinho1 Por que que o Festival Lula Livre nao aproveitou todos aqueles Artistas pra lancar uma Campanha pra comprar Extintores de Incedio?""",
1024039399099691008,lucassportal,"""Eu queria entender o tes√£o que os eleitores do Bolsonaro sentem pelo Lula que t√£o sempre pensando nele. Qualquer cr√≠tica ao Bolsonaro eles respondem ""n√£o pq o Lula...""""",
1024039406234161154,maysamarina10,"""PT oficializa candidatura de Luiz Marinho ao governo do estado de SP - , ., #pt #lula #brasil #lulalivre #brumar #ney #Eleicoes2018""",
1024039414366916614,Carlovasc,"""Gostei de um v√≠deo @YouTube  revela voto consolidado em Bolsonaro | Vera Magalh√£es""",
1024039415243595778,Dejonsenn,"""@FlavioCestari @KarlDireita @partidonovo30 @itau @jairbolsonaro @joicehasselmann Opa, threads infinitas... adoro. Coloquei at√© minha luvinha da raizere., , Teu partido e teu candidato 1% tem liga√ß√µes REAIS com o banco ITAU, j√° o Bolsonaro n√£o tem nenhuma liga√ß√£o com esse banco sujo e degenerado. Tudo que voc√™s tem √© um print de uma infiltrada tucana.""",
1024039423456026625,RobsonBoxe,"""@GTMacalossi Ent√£o se liga. Pr√≥xima quinta feira 02/08 Bolsonaro vai estar na @GloboNews as 22:30h. , #BolsonaroPresidente2018""",
1024039428753420291,OrDeP775,"""@portaljovempan E @jairbolsonaro tamb√©m j√° votou no Lula...., E agora, v√£o matar ele por isso...?, Todos comentem erros.""",
1024039440300298241,AlertaDeGeneroN,"""Paola Guadalupe de Vaca ha sido localizada por la C√©lula de Reacci√≥n Inmediata de #Naucalpan, se desactiva #AlertaOdisea , , #EdoMexEnAlerta #NaucalpanTeCuida #MujeresSinViolencia , Emergencias 53712250 / 911 nacional """,
1024039450559623168,maispb,"""Paraibano far√° marketing de Bolsonaro ‚ÄúBrasil precisa de l√≠der temente a Deus‚Äù -  """,
1024039452199608323,Capitalistinha,"""@OCorvo_ I - Jo√£o Amoedo , II - Alckmin, III - Bolsonaro""",
1024039446684069889,kevinngontijo,"""@AfroBarbiie Amiga mas os retardados do lol s√£o os mesmos que apoiam o Bolsonaro: adolescente retardado de 15 anos""",
1024039460512718850,troubleagain,"""ser√° se devo ver esse roda viva do bolsonaro ou vai atacar minha gastrite""",
1024039461217333248,ustedd,"""Hj tem roda viva na tv  Cultura com o Bolsonaro!!""",
1024039462156861440,noticiasatualid,"""Mais um v√≠deo de Jair Bolsonaro. Compartilhe! Professor militante mente, agride e ameaa tirar pontos de quem falar de Bolsonaro. -  """,
1024039473779302402,jattinhoo,"""reciprocidade msm √© quando os dois odeia bolsonaro""",
1024039477348642816,josielspryte,"""HOJE, Jair Messias Bolsonaro estar√° no Roda Viva, da TV Cultura, a partir das 22h15. Acompanhe a cobertura em nossos canais e participe, publicando com a #BolsonaroNoRodaViva ! üáßüá∑, , #RodaViva #PSLNacional  VAMOS SUBIR AUDI√äNCIA NA @tvcultura @BolsonaroSP @joicehasselmann """,
1024039533879418885,allanandradem,"""@BernardoMF @rodaviva Voc√™ √© um esquerdista, que defende o bandido do lula, n√£o precisa dizer mais nada n√©????""",
1024039532688273410,FabianoCFX,"""@teresinhalopes Ent√£o o Bolsonaro n√£o √© direita """,
1024039537109069824,br45ilnocorrupt,"""Tuita√ßo AGORA #BolsonaroNoRodaViva √â melhor @RodaViva Jair se acostumando Bolsonaro Presidente na @TVCultura com Cultura Digital Personalize seu perfil em apoio a @jairbolsonaro PSL 17  Siga @BolsonaroSP @FlavioBolsonaro @CarlosBolsonaro @Oficialluizlima RT """,
1024039539642380289,maysamarina10,"""Haddad: √© preciso quebrar per√≠odo de 24 anos de um governo de SP que n√£o entrega - , ., #pt #lula #brasil #lulalivre #brumar #ney #Eleicoes2018""",
1024039539860545536,guimba_762,"""@phfernandes Te confessar, que no geral a gente est√° mal demais de entrevistadores ‚Äî diga-se de passagem., Dos √∫ltimos 3 meses, s√≥ o William Waack trouxe discuss√£o s√©ria ao Bolsonaro, sem clich√™, pol√™mica..., H√° muitos jornalistas com suas prefer√™ncias (nem falo desses) e muitos ruins (esses).""",
1024039552426631169,PastorLiomar,"""@Mestre_Tigresa @Athiabalba @spilksen @sandrabrasilia @edcar1811 @patitaBr @aruthcao @daniellbravo @uli_cassilva @alemendes0110 @ballaoficial @rmelette @Clauwild1 @tntqoc @ricardo___rf @LucianoRolim1 Fechado com Bolsonaro  !!!! """,
1024039564401422336,JOAQUINTElXElRA,"""@_fIavio ESSES CARAS SUBESTIMAM DEMAIS O BOLSONARO E SEUS APOIADORES. ACHA QUE TODO MUNDO √â IGNORANTE, QUE PRECISA DA 'ILUMINA√á√ÉO SUPERIOR' DE SUAS MENTES PARA SE LIBERTAR DO OBSCURANTISMO. MAL SABEM ELES QUE TODO MUNDO AQUI, APESAR DO USO DA LINGUAGEM DE REDE SOCIAL, √â VERSADO EM OLAVO.""",
1024039574786514944,Guustavooh1,"""I liked a @YouTube video  Document√°rio: O fen√¥meno Bolsonaro - Parte 2 | Conex√£o Rep√≥rter (21/05/17)""",
1024039589680492545,aflopea9,"""[TopBuzz [Lula explode nos Estados Unidos e ganha a...] """,
1024039592029237248,A_Bem_d_Verdade,"""Assistam vale a pena., Pegou Fogo! Renan Calheiros foi defender Lula e Magno Malta n√£o deixou barato, """,
1024039598165508096,joao_vitor399,"""@brunafxveiga @_fuukasan @EDENB0Y @lilyxalien @eltonbcastro @jairbolsonaro @lemondefr Mo√ßa, n√£o √© pelo fato de n√£o apoiar/gostar do Bolsonaro que as pessoas s√£o a favor do Lula, vcs criaram essa ideologia bosta de que n√£o gostar de um √© pq apoia o outro, os dois s√£o um lixo, essa √© a indigna√ß√£o do povo que vc est√° discutindo agora √© discute tanto na internet...""",
1024039599662936065,BrunoSchaffel,"""@agisloiola83 @AlexandreSurian @macosta87 @claudioedantas @partidonovo30 @joaoamoedonovo O problema do NOVO √© esse... Reclamam do mesmo jeito que a esquerda reclama do Bolsonaro.""",
1024039599868395520,GomesDiego1000,"""@MidiaNINJA At√© A imprensa internacional sabe! Burros, analfabetos! V√£o aprender concord√¢ncia primeiro. Chamem Bolsonaro de corrupto!""",
1024039605698539522,br45ilnocorrupt,"""@GauchoDeDireita @jairbolsonaro Tuita√ßo AGORA #BolsonaroNoRodaViva √â melhor @RodaViva Jair se acostumando Bolsonaro Presidente na @TVCultura com Cultura Digital Personalize seu perfil em apoio a @jairbolsonaro PSL 17  Siga @BolsonaroSP @FlavioBolsonaro @CarlosBolsonaro @Oficialluizlima RT""",
1024039608361861120,pedrinhu_tecix,"""@mafiaverao @maxvalenga @andreazzaeditor Querendo punir o Bolsonaro por camisetas por a√≠, HAHAHAHA HAHAHA HAHAHA HAHAHAHA HAHAHA""",
1024039610324856832,GloPrixWorld,"""At√© as imprensa internacional sabe!, ""Machista, homof√≥bico e racista"" - Para o Tribune de Geneve, jornal su√≠√ßo, Bolsonaro √© ""Trump Brasileiro."" """,
1024039614816956416,MendesOnca,"""Tarso Genro defende 'Plano B' e fala em 'era p√≥s-Lula' - Di√°rio Causa Oper√°ria """,
1024039615303430144,niltonlfm,"""‚ÄòLula est√° colhendo o que plantou‚Äô, diz presidenci√°vel do PSTU sobre pris√£o de petista """,
1024039619204182016,vkamikazes,"""Gleisi nega carta enviada por Lula em apoio a Eun√≠cio: fake news , , """,
1024039627978690562,wawa_orm,"""@RenanS52152667 @CdNLeon @lemondefr N√£o √© pq a gente sabe que o Bolsonaro √© uma piada que n√≥s somos de esquerda amiguinho, pau no cu do bolsonaro e pau no cu da esquerda. At√© mais!""",
1024039634110754817,kworiz,"""que porra o bolsonaro t√° fazendo na minha tl???????""",
1024039636723793925,maysamarina10,"""Come√ßa a dar resultado em Minas o uso de novas ferramentas de seguran√ßa e combate a criminalidade - , ., #pt #lula #brasil #lulalivre #brumar #ney #Eleicoes2018""",
1024039641220083712,maran2_m,"""BOLSONARO A FAVOR DA CA√áA DE ANIMAIS? FACT CHECKING! | Jacar√© de Tanga  via @YouTube""",
1024039668537602049,MadrugaCoin,"""@migmarley @thvaz @pfnery Gosto de precheca, tio. Quer mam√°r a rola do Lula, se esbalda la.""",
1024039680705212416,BezerraIzaura,"""@monicabergamo Lembro-me deste senhor, quando declararam persegui√ß√£o total a Lula, dando uma entrevista sobre o S√≠tio de Atibaia e os famosos pedalinhos. √â um peixe ensaboado, t√£o repugnante quanto qualquer um, dos muitos, que usam os direitos adquiridos por lei para descumpr√≠-la #LulaLivre""",
1024039684178161667,nraeot,"""@TonhoDrinks O cara escreve um texto extremamente preconceituoso contra quem ele chama de ‚Äúsemicultos‚Äù e vota no Lula que √© semi-analfabeto kkkkkkkkk""",
1024039696698171392,RisotodeQueijo,"""ser√° que os entrevistadores do Roda Viva interromper√£o menos o Bolsonaro do que interromperam a Manuela D'Avila sim ou com certeza?""",
1024039706399592454,gd_brandao,"""o q fazer qnd o novo professor de HIST√ìRIA apoia o BOLSONARO ?????""",
1024039720135917568,joao2608sanches,"""Calheiros anunciam voto em Lula ‚Äúou em quem ele indicar‚Äù  via @brasil247""",
1024039726859210752,anapzc,"""Quaisquer que sejam os resultados das elei√ß√µes desse ano, j√° temos muito a agradecer ao Jair Bolsonaro e ao Paulo Guedes, por estarem colocando em discuss√£o muitos temas que t√™m estado entalados em nossas gargantas. """,
1024039737613602819,gradegni,"""Ale. Y esta tambi√©n, que me estaba comiendo la oreja., Be Bop a Lula de Jerry Lee Lewis  #NowPlaying""",
1024039740771840000,soniajcalixto,"""PT QUER QUARENTA MIL MILICIANOS DE LULA NO TSE """,
1024039742839635970,Rodyselton,"""Bolsonaro no roda viva hoje, vai ser tipo aquela novela o rei do gado""",
1024039745825980418,georgeyoregon,"""@AriSirius @bobjackk @STF_oficial @Athiabalba @ioneatuante4 @JesusOpressor1 @RENATOGONZAGA @ventosuli6 @Cecconellogiu @patitaBr @RoseBarros__ @Gus_Moreira @pgiolli @Santysta_2018 Ele falou especificamento de Palocci, cuja dela√ß√£o s√≥ foi aceita porque seria contra Lula, lembro das palavras de Palocci para o juiz Moro:  ""Palocci diz a Moro que 'pacto de sangue' entre Lula e Odebrecht envolveu propina de R$ 300 milh√µes"" que √© um blefe pois n√£o h√° provas.""",
1024039746677497857,maysamarina10,"""Site do PT ter√° cobertura minuto a minuto do Festival Lula Livre - , ., #pt #lula #brasil #lulalivre #brumar #ney #Eleicoes2018""",
1024039760711573506,sitemegabuzz,"""Lula pensou que ficaria preso por uma semana, diz monja ap√≥s¬†visita """,
1024039767762259971,AlexBRfour,"""Todos ligada√ßo na TV pr√° ver o mito ser sabatinado! Vamos apoiar o futuro presidente e subir a TAG!, Bolsonaro 2018! üëâüëâüòéüáßüá∑, , #BolsonaroNoRodaViva """,
1024039773432946689,EduardoKnebel_,"""MDS brother, essas elei√ß√µes v√£o ser uma porra, Boulos vai falar cada coisa q ao senso comum faz sentido MAS N√ÉO FAZ e vai uma galera apoiar, Bolsonaro vai ter uma puta galera apoiando, tudo senhor de idade que quer a mudan√ßa mas tem total desconhecimento de como fazer""",
1024039774326218752,Opiniao_Verdade,"""Elei√ß√£o exp√µe briga entre autores do impeachment, , Motivo √© a convers√£o de Jana√≠na Paschoal √† candidatura Bolsonaro.,          , Por Pedro Venceslau, Paulo Beraldo e... """,
1024039774791901184,EuDuduGuimaraes,"""Semana que vem j√° inicia no c√©lula na faculdade, vamo botar fogo Divino naquele lugar sim""",
1024039778021502981,test_pilot2,"""@AnonimoFamoso @_porai Na 5af tem Bolsonaro na Globonews""",
1024039778646470656,Luiz15434099,"""#BolsonaroNoRodaViva , COMUNISTAS VAGABUNDOS SUA HORA TA CHEGANDO!!!, O PA√çS EST√Å COM VOC√ä PRESIDENTE JAIR MESSIAS BOLSONARO!!! ACABA COM ELES QUE COLOCAMOS A P√Å DE CAL!!! , BRASIL LIVRE DE COMUNISTAS VAGABUNDOS!!!üî™üî™üî™üëäüëäüëäüáßüá∑""",
1024039778839343104,kigauchinha,"""V√çDEO: TV italiana noticiou visita de deputado europeu a Lula """,
1024039782190657537,br45ilnocorrupt,"""Tuita√ßo AGORA #BolsonaroNoRodaViva √â melhor @RodaViva Jair se acostumando Bolsonaro Presidente na @TVCultura com Cultura Digital Personalize seu perfil em apoio a @jairbolsonaro PSL 17  Siga @BolsonaroSP @FlavioBolsonaro @CarlosBolsonaro @Oficialluizlima RT """,
1024039796006707202,ZinatoZina,"""@pilarm27000 @DrDanielSales @_miguelteixeira @Dr___Evil @Suziane___ @jairbolsonaro A pergunta q deixo aqui √© a seguinte. Esse presidencialismo de coaliz√£o a gente j√° viu o desastre q e nas m√£os erradas. O √∫nico candidato q fala q vai tentar mudar isso √© bolsonaro. Vc acha q sempre teremos algu√©m com ju√≠zo no comando???""",
1024039802893742082,fatimalima8,"""Palocci Entrega PF, Prova De Cinco Pagamentos Em Dinheiro Vivo √Ä Lula """,
1024039805456400384,athaydesebasti,"""@taniaeginaramos Nossa elite o √∫nico projeto √© perseguir Lula.""",
1024039814021238785,marlongandin,"""#3em1 As pessoas est√£o gratuitamente apoiando o Bolsonaro, mas os ‚Äúintelectuais‚Äù do 3 em 1 dizem ‚Äúo Brasil est√° maluco‚Äù. Voc√™s do 3 em 1, s√£o prepotentes e bo√ßais.""",
1024039815208214529,iuribelicio,"""hj tem bolsonaro no roda viva ta okay""",
1024039819750662144,Blesseed2018,"""Uitlidade p√∫blica: 22 hrs hoje na tve tem o programa roda viva com o candidato Jaor Bolsonaro, √© importante assistir, muito importante, se atentem as elei√ß√µes jovens! Boa noite.""",
1024039820434305024,pablobastoss,"""@borgesxxisaa me diz q n √© o bolsonaro""",
1024039830584320001,OGloboPolitica,"""Partido de Jo√£o Amo√™do rejeita convite de Jana√≠na e nega alian√ßa com Bolsonaro.  """,
1024039848884224000,cartamaior,"""Lula: Um fantasma tira o sono dos setores dominantes.Dia 15 a candidatura de Lula ser√° inscrita. Firulas jur√≠dicas  se levantar√£o dos dois lados e talvez cheguemos √†s elei√ß√µes sem um  resultado final.   """,
1024039859575549952,RosanaS00519322,"""@baptista_rose @LulaOficial Este pessoal √© pago pelo central, pra dizer mal do Lula, dizer q ele √© bandido, mas qdo vc entra no tt deles e pedindo as provas pra vc v√™r, eles apaguam o tt kkkk, este s√£o os tipos de gente q tenta comandar a falsa classe m√©dia, q est√° enlouquecida por ter feito td errado!!! Kk""",
1024039861400084483,chescotoledo,"""@MidiaNINJA La peruana tambi√©n, , """,
1024039863803424769,serrao_rita,"""@Tarik_mohad @joaoamoedonovo Ser√° que Bolsonaro est√° preocupado com quem voc√™s aprovam ou n√£o?""",
1024039870170378242,henriq_broietti,"""mano bolsonaro no roda viva... kkkkkkkkk perco essa poha por nd""",
1024039871302848512,maysamarina10,"""Conven√ß√£o estadual do PT em SP vira ato a favor de Lula para a Presid√™ncia  - , ., #pt #lula #brasil #lulalivre #brumar #ney #Eleicoes2018""",
1024039873639014400,jr_olweb,"""@tvcultura @jairbolsonaro Link para o canal oficial do @rodaviva, para quem deseja assistir ao vivo √†s 22:15h de hoje:  , Entrevista com Jair Bolsonaro no  Roda Viva., , #BolsonaroRodaViva #jairmitandonorodaviva #jairbolsonaro #rodaviva #JairBolsonaroNoRodaViva #BolsonaroNoRodaViva""",
1024039892203053056,Isafanrs1,"""@GlassiF Programa imperd√≠vel assistir o Pres. Bolsonaro. , PS: Me permita a observa√ß√£o, como voc√™ √© linda.""",
1024039895818559488,PanichiRaphael,"""Acompanhe ao vivo na p√°gina do MAB - MOVIMENTO AVAN√áA BRASIL @AvancaBrasil_  a entrevista de Jair Bolsonaro no Roda Viva da TV Cultura, √†s 22h15, dia 30.07.2018., , , , #BolsonaroNoRodaViva """,
1024039901078138881,teiagarcia86,"""Somos Milh√µes de brasileiros e brasileiras que queremos Bolsonaro Presidente do Brasil.#BolsonaroNoRodaViva """,
1024039903066247169,Vanessa_Advelar,"""Que √≥tima noticia ein? Era pra ser ruim Noblat?   via @VEJA""",
1024039909361954816,carlosrds2,"""@reinaldoazevedo @YouTube Bolsonaro,NELES!!!!! RodavivaHoje.10:15""",
1024039917536591877,costapablo_,"""@joaoamoedonovo @ajulysantos S√≥ pra deixar claro, n√£o votaria no Bolsonaro se ele aceitasse essa alian√ßa! De pol√≠tico vendidos o pa√≠s j√° est√° cheio, chega de mais do mesmo!""",
1024039919080095745,niltonlfm,"""Minha Casa, Minha Vida piorou cidades e alimentou especula√ß√£o imobili√°ria, diz ex-secret√°ria do governo Lula """,
1024039922594922496,BBIAHF,"""muros com cacos de vidro e meu mano ta doidao com a sua p√≠lula de ecstasy""",
1024039921449934849,AvancaBrasil_,"""Acompanhe ao vivo na p√°gina do MAB - MOVIMENTO AVAN√áA BRASIL @AvancaBrasil_  a entrevista de Jair Bolsonaro no Roda Viva da TV Cultura, √†s 22h15, dia 30.07.2018., , , , #BolsonaroNoRodaViva """,
1024039925157642252,revistaforum,"""Bolsonaro cria Mano, um aplicativo para driblar o Facebook em sua campanha """,
1024039943725826048,br45ilnocorrupt,"""@WellerSantos5 @rodaviva Tuita√ßo AGORA #BolsonaroNoRodaViva √â melhor @RodaViva Jair se acostumando Bolsonaro Presidente na @TVCultura com Cultura Digital Personalize seu perfil em apoio a @jairbolsonaro PSL 17  Siga @BolsonaroSP @FlavioBolsonaro @CarlosBolsonaro @Oficialluizlima RT""",
1024039946808639490,JoelAlexandreM,"""Os isent√µes vendo o Bolsonaro hoje no Roda Viva üòÇ, , #BolsonaroNoRodaViva """,
1024039951808294913,amandaxgr,"""Vi que apoia o Bolsonaro. N√ÉO ESTOU TE JULGANDO, s√≥ quero saber, como q consegue apoiar ele sendo uma mulher?? ‚Äî nem tudo sobre o q ele diz eu sou a favor, mas em algumas coisas sim """,
1024039951896199168,GMirelvis,"""Brazil: Social Movements Militants Begin Hunger Strike¬†for Lula  """,
1024039952903012353,miltonspita,"""@JanainaDoBrasil vc como vice de Bolsonaro ser√° a derrocada do mito que perder√° metade de seus eleitores. Seu programa de governo √© outro e vc s√≥ est√° no PSL pq conseguiu flash. Vc dentro, acabar√° com o governo do mito.""",
1024039953150484480,Surama4,"""@PMathias @sabrinaavozani S√≥ que os maiores corruptos, al√©m do PT, tem foro privilegiado. Se mudaram a lei pra prender o Lula, porque n√£o mudam para prender os outros. S√≥ querem prender o Lula, o restante deixa como sempre. Farsa!, , Esse deficit e o desemprego s√£o gerenci√°veis, d√° pra reverter sem o caos.""",
1024039950910545920,vitalfmmaturin,"""Esta semana confirman candidatura de Lula Da Silva  """,
1024039957017636864,RoseFreitas18,"""@MendesOnca Esse a√≠ faz parte do setor que quer descartar Lula, s√≥ faltou combinar com o povo.""",
1024039961211949058,daviddiasB7,"""se n me engano bolsonaro vai no roda viva hoje, vejam""",
1024039961287376896,roosadvocacia,"""IGUALZINHO AO PCC!! SER√Å QUE V√ÉO LEVAR CELULAR PRO PRESIDI√ÅRIO TAMB√âM ??? """,
1024039964756123651,maysamarina10,"""Governo de Minas confirma que parcela atrasada dos sal√°rios ser√° paga na segunda - , ., #pt #lula #brasil #lulalivre #brumar #ney #Eleicoes2018""",
1024039965221629958,EuDuduGuimaraes,"""Semana que vem j√° inicia nossa c√©lula na faculdade, vamo botar fogo Divino naquele lugar sim""",
1024039972238700544,angelagindri43,"""@JQTEI O Bolsonaro vai passar por este pared√£o!!""",
1024039972855341056,Douglas_NovaisF,"""@eliakinromero @Gagundo70 @UOL @flavioricco Eu n√£o tenho. Nunca disse que meu candidato √© o Lula.""",
1024039975820636161,panopramangabr,"""Brasil 5018 anos de desigualdade social cr√≠tica da isquerda fofinha,  o pete e Lula n√£o fizeram tudo em 13 anos.""",
1024039977670205440,RubensA54864048,"""@mariadorosario @redeTVT @ptnacional @PTnaCamara @ptbrasil Vossa excel√™ncia vai participar tamb√©m para se compadecer da milit√¢ncia? Seria bom para mostrar que voc√™s pregam o que vivem! E o Lula tamb√©m far√° a greve?""",
1024039979322880000,GianRodrigo4,"""@UOL Geraldo Alckmin faz parte da FAC√á√ÉO CRIMINOSA do PCC.""",
1024039983236243459,EdenGurgel,"""@chico_pinheiro Se votam em Bolsonaro.. j√° est√° respondido""",
